{"n_hidden_layers": 4, "hidden_layer_size": 128, "_runtime": 395, "_timestamp": 1615732394, "_step": 5, "Images": {"_type": "image-file", "path": "media/images/Images_1_763de35b.png", "sha256": "763de35b3e24efb52008f00bf09b6982033f6e5b0d7b79b68e4dbd386ce93cc4", "size": 32478, "format": "png", "width": 1200, "height": 600, "caption": "Sample image of each class"}, "val_acc": 28.383333333333333, "train_acc": 28.27037037037037, "val_loss": 5.156183431137989, "train_loss": 5.157275813549318}