{"graph": {"_type": "graph-file", "path": "media/graph/graph_summary_18aedd1d.graph.json", "sha256": "18aedd1d7eb8449317fe5a07593c8f38790e583ba505796d9613853694a56564", "size": 1644}, "epoch": 9, "loss": 0.1739950439715841, "categorical_accuracy": 0.9437717199325562, "val_loss": 0.18715469454045305, "val_categorical_accuracy": 0.9401020407676697, "_runtime": 467, "_timestamp": 1621337333, "_step": 10, "best_val_loss": 0.18142623955310827, "best_epoch": 5, "word_level_acc": 0.381738930947465}