{"n_hidden_layers": 4, "hidden_layer_size": 32, "_runtime": 260, "_timestamp": 1615773765, "_step": 9, "Images": {"_type": "image-file", "path": "media/images/Images_1_763de35b.png", "sha256": "763de35b3e24efb52008f00bf09b6982033f6e5b0d7b79b68e4dbd386ce93cc4", "size": 32478, "format": "png", "width": 1200, "height": 600, "caption": "Sample image of each class"}, "val_acc": 19.1, "train_acc": 20.364814814814814, "val_loss": 1.7225540528903072, "train_loss": 1.7155842538944532, "test_acc": 20.21, "confusion_matrix": {"_type": "table-file", "path": "media/table/confusion_matrix_8_077b7579.table.json", "sha256": "077b75796fe01b031bee4f9cb73fc37035e74966c916bceeb11604636f0b972e", "size": 2622, "ncols": 3, "nrows": 100}, "Confusion_Matrix": null}