{"graph": {"_type": "graph-file", "path": "media/graph/graph_summary_cb152eb6.graph.json", "sha256": "cb152eb6cfbb822d647dbc8efd1dced74d1d023a102cb1f41de643226112d296", "size": 1531}, "epoch": 9, "loss": 0.8500957776202752, "categorical_accuracy": 0.7666521072387695, "val_loss": 0.8345162257822207, "val_categorical_accuracy": 0.7734954357147217, "_runtime": 1385, "_timestamp": 1621305135, "_step": 10, "best_val_loss": 0.3480738236197749, "best_epoch": 1, "word_level_acc": 0.0004588208304657031}