{"n_hidden_layers": 3, "hidden_layer_size": 64, "_runtime": 371, "_timestamp": 1615792528, "_step": 9, "Images": {"_type": "image-file", "path": "media/images/Images_1_e053e555.png", "sha256": "e053e55547556d7704a4944aca7dac8cca3aad36acf65142146b6c07450de3ec", "size": 23174, "format": "png", "width": 1200, "height": 600, "caption": "Sample image of each class"}, "val_acc": 10.9, "train_acc": 11.274074074074074, "val_loss": 2.3033906723217052, "train_loss": 2.3031487042939514, "test_acc": 11.35, "confusion_matrix": {"_type": "table-file", "path": "media/table/confusion_matrix_8_03a3b112.table.json", "sha256": "03a3b11226fe28ca40832dc37cd98289f234d9e74f6c12c324f618ae8d0e0372", "size": 2620, "ncols": 3, "nrows": 100}, "Confusion_Matrix": null}