{"n_hidden_layers": 4, "hidden_layer_size": 64, "_runtime": 333, "_timestamp": 1615770114, "_step": 9, "Images": {"_type": "image-file", "path": "media/images/Images_1_763de35b.png", "sha256": "763de35b3e24efb52008f00bf09b6982033f6e5b0d7b79b68e4dbd386ce93cc4", "size": 32478, "format": "png", "width": 1200, "height": 600, "caption": "Sample image of each class"}, "val_acc": 60.05, "train_acc": 60.59074074074074, "val_loss": 5.281478231825907, "train_loss": 5.2972930629492225, "test_acc": 59.91, "confusion_matrix": {"_type": "table-file", "path": "media/table/confusion_matrix_8_4d6b51dd.table.json", "sha256": "4d6b51dd68ddb6a1e466e73850bcbbf035f2dab7d855656e80f49100b37ed38b", "size": 2650, "ncols": 3, "nrows": 100}, "Confusion_Matrix": null}