{"n_hidden_layers": 4, "hidden_layer_size": 32, "_runtime": 497, "_timestamp": 1615777890, "_step": 14, "Images": {"_type": "image-file", "path": "media/images/Images_1_763de35b.png", "sha256": "763de35b3e24efb52008f00bf09b6982033f6e5b0d7b79b68e4dbd386ce93cc4", "size": 32478, "format": "png", "width": 1200, "height": 600, "caption": "Sample image of each class"}, "val_acc": 84.53333333333333, "train_acc": 85.68518518518519, "val_loss": 7.893879048894231, "train_loss": 7.9185085544812726, "test_acc": 83.52, "confusion_matrix": {"_type": "table-file", "path": "media/table/confusion_matrix_13_c8317680.table.json", "sha256": "c8317680c02a87c911d90c549f13d4b5a08742493167d24f67b0476bebeef90e", "size": 2649, "ncols": 3, "nrows": 100}, "Confusion_Matrix": null}