{"graph": {"_type": "graph-file", "path": "media/graph/graph_summary_cb152eb6.graph.json", "sha256": "cb152eb6cfbb822d647dbc8efd1dced74d1d023a102cb1f41de643226112d296", "size": 1531}, "epoch": 9, "loss": 0.4285354444201534, "categorical_accuracy": 0.8732830286026001, "val_loss": 0.44489739475296186, "val_categorical_accuracy": 0.8688536882400513, "_runtime": 1386, "_timestamp": 1621291425, "_step": 10, "best_val_loss": 0.44489739475296186, "best_epoch": 9, "word_level_acc": 0.05804083505391145}