{"graph": {"_type": "graph-file", "path": "media/graph/graph_summary_65de6fe9.graph.json", "sha256": "65de6fe9f1cb655c09ffe7ffe857f0fbb072706b96584706b62c06df3cac9ced", "size": 1156}, "epoch": 4, "loss": 0.7848200102438149, "categorical_accuracy": 0.7778370380401611, "val_loss": 0.7528195809842141, "val_categorical_accuracy": 0.7843542098999023, "_runtime": 252, "_timestamp": 1621293975, "_step": 5, "best_val_loss": 0.7528195809842141, "best_epoch": 4, "word_level_acc": 0.0004588208304657031}