{"graph": {"_type": "graph-file", "path": "media/graph/graph_summary_63239c0f.graph.json", "sha256": "63239c0fb1ba58bd0c35be665ec70da7e698abc9b367a060a78c41375e397262", "size": 1876}, "epoch": 4, "loss": 0.22937892967692436, "categorical_accuracy": 0.9276853799819946, "val_loss": 0.2349879553925693, "val_categorical_accuracy": 0.9262062907218933, "_runtime": 488, "_timestamp": 1621293709, "_step": 5, "best_val_loss": 0.2349879553925693, "best_epoch": 4, "word_level_acc": 0.33975682495985315}