{"n_hidden_layers": 5, "hidden_layer_size": 32, "_runtime": 330, "_timestamp": 1615763664, "_step": 9, "Images": {"_type": "image-file", "path": "media/images/Images_1_763de35b.png", "sha256": "763de35b3e24efb52008f00bf09b6982033f6e5b0d7b79b68e4dbd386ce93cc4", "size": 32478, "format": "png", "width": 1200, "height": 600, "caption": "Sample image of each class"}, "val_acc": 86.86666666666666, "train_acc": 89.89444444444445, "val_loss": 0.369458328668462, "train_loss": 0.28551511968807597, "test_acc": 85.98, "confusion_matrix": {"_type": "table-file", "path": "media/table/confusion_matrix_8_13147c62.table.json", "sha256": "13147c62e0c5578adacc06c7aacbf656403ce59ea6639550c3e3b07cd070e621", "size": 2647, "ncols": 3, "nrows": 100}, "Confusion_Matrix": null}