{"graph": {"_type": "graph-file", "path": "media/graph/graph_summary_cef0b02b.graph.json", "sha256": "cef0b02b4a9d3a4f8ebde23a12e31e9c3a68d6d6325143267628f16319ee40f1", "size": 1550}, "epoch": 9, "loss": 0.2093552788806547, "categorical_accuracy": 0.9335293769836426, "val_loss": 0.242557775782155, "val_categorical_accuracy": 0.9254416227340698, "_runtime": 323, "_timestamp": 1621285806, "_step": 10, "best_val_loss": 0.242557775782155, "best_epoch": 9, "word_level_acc": 0.22665749025005735}