{"n_hidden_layers": 3, "hidden_layer_size": 64, "_runtime": 258, "_timestamp": 1615765187, "_step": 9, "Images": {"_type": "image-file", "path": "media/images/Images_1_763de35b.png", "sha256": "763de35b3e24efb52008f00bf09b6982033f6e5b0d7b79b68e4dbd386ce93cc4", "size": 32478, "format": "png", "width": 1200, "height": 600, "caption": "Sample image of each class"}, "val_acc": 63.93333333333333, "train_acc": 64.75740740740741, "val_loss": 6.291792041942567, "train_loss": 6.328236931637628, "test_acc": 64.22, "confusion_matrix": {"_type": "table-file", "path": "media/table/confusion_matrix_8_95bfadbd.table.json", "sha256": "95bfadbd44cb2458b5b9276b8ae167e9328b796f8fb8d611b0ecefacdfe09882", "size": 2643, "ncols": 3, "nrows": 100}, "Confusion_Matrix": null}