{"graph": {"_type": "graph-file", "path": "media/graph/graph_summary_57bb5110.graph.json", "sha256": "57bb5110e8342b71fc56308542304f7458c4196ed64b08fa1d298e696f22b7f3", "size": 1537}, "epoch": 9, "loss": 0.8187339791101698, "categorical_accuracy": 0.7702026963233948, "val_loss": 0.8445898823219583, "val_categorical_accuracy": 0.766776978969574, "_runtime": 305, "_timestamp": 1621283723, "_step": 10, "best_val_loss": 0.8443401781728875, "best_epoch": 8, "word_level_acc": 0.0}