{"Validation accuracy": 10.010416666666666, "Validation loss": 2.5943674801422145, "Epoch": 2, "_runtime": 134, "_timestamp": 1615565381, "_step": 1}