{"graph": {"_type": "graph-file", "path": "media/graph/graph_summary_8173c73c.graph.json", "sha256": "8173c73cad491be16cb1c7e1ec377f42cd734ea1cefb01668b6ed0a850ced161", "size": 1896}, "epoch": 4, "loss": 0.12244954087516866, "categorical_accuracy": 0.9604440331459045, "val_loss": 0.18360980475514985, "val_categorical_accuracy": 0.9438709020614624, "_runtime": 705, "_timestamp": 1621293081, "_step": 5, "best_val_loss": 0.18360980475514985, "best_epoch": 4, "word_level_acc": 0.4267033723331039}