{"n_hidden_layers": 3, "hidden_layer_size": 32, "_runtime": 200, "_timestamp": 1615759552, "_step": 9, "Images": {"_type": "image-file", "path": "media/images/Images_1_763de35b.png", "sha256": "763de35b3e24efb52008f00bf09b6982033f6e5b0d7b79b68e4dbd386ce93cc4", "size": 32478, "format": "png", "width": 1200, "height": 600, "caption": "Sample image of each class"}, "val_acc": 87.01666666666667, "train_acc": 88.42962962962963, "val_loss": 8.115413905273119, "train_loss": 8.133729862920699, "test_acc": 85.79, "confusion_matrix": {"_type": "table-file", "path": "media/table/confusion_matrix_8_e2e3b7fa.table.json", "sha256": "e2e3b7faf4145c015ce9044c3d27e6a4b9731a79e2ccf7c55ffd55c8cdb3f08e", "size": 2648, "ncols": 3, "nrows": 100}, "Confusion_Matrix": null}