{"graph": {"_type": "graph-file", "path": "media/graph/graph_summary_6579ccdf.graph.json", "sha256": "6579ccdf732fc922d64ec73a99169ef3d2df7594cc5e966678051bab38d8be09", "size": 2041}, "epoch": 9, "loss": 0.10656710094307198, "categorical_accuracy": 0.9654542207717896, "val_loss": 0.16425797589726612, "val_categorical_accuracy": 0.9493986368179321, "_runtime": 655, "_timestamp": 1621339934, "_step": 10, "best_val_loss": 0.16298059227612074, "best_epoch": 8, "word_level_acc": 0.43610919935765086}