{"graph": {"_type": "graph-file", "path": "media/graph/graph_summary_263f420b.graph.json", "sha256": "263f420baa12d6e78506cd52aa348e88b9268ec40832faa73103827295b952d2", "size": 1876}, "epoch": 4, "loss": 0.2738145756075628, "categorical_accuracy": 0.9135671854019165, "val_loss": 0.2474427876238102, "val_categorical_accuracy": 0.9232458472251892, "_runtime": 335, "_timestamp": 1621298545, "_step": 5, "best_val_loss": 0.2474427876238102, "best_epoch": 4, "word_level_acc": 0.3395274145446203}