{"graph": {"_type": "graph-file", "path": "media/graph/graph_summary_ad5cb532.graph.json", "sha256": "ad5cb532a82a662165f091ba142f1540d0396c0176bee24a580a81e5bbd428a9", "size": 1160}, "epoch": 4, "loss": 0.6940345288010666, "categorical_accuracy": 0.8041161298751831, "val_loss": 0.6947302230182769, "val_categorical_accuracy": 0.8070112466812134, "_runtime": 112, "_timestamp": 1621288721, "_step": 5, "best_val_loss": 0.69085127231478, "best_epoch": 3, "word_level_acc": 0.0006882312456985547}