{"n_hidden_layers": 3, "hidden_layer_size": 32, "_runtime": 256, "_timestamp": 1615753087, "_step": 9, "Images": {"_type": "image-file", "path": "media/images/Images_1_763de35b.png", "sha256": "763de35b3e24efb52008f00bf09b6982033f6e5b0d7b79b68e4dbd386ce93cc4", "size": 32478, "format": "png", "width": 1200, "height": 600, "caption": "Sample image of each class"}, "val_acc": 85.65, "train_acc": 86.85740740740741, "val_loss": 7.699356026977844, "train_loss": 7.720225625594757, "test_acc": 84.38, "confusion_matrix": {"_type": "table-file", "path": "media/table/confusion_matrix_8_5eeb5b45.table.json", "sha256": "5eeb5b4599c89514ea3f90f9fa07fe2fe26ba4c583aca35c5d55142eb4d32c16", "size": 2651, "ncols": 3, "nrows": 100}, "Confusion_Matrix": null}