{"graph": {"_type": "graph-file", "path": "media/graph/graph_summary_c54f44c4.graph.json", "sha256": "c54f44c429c518ad3691c303c6d722fd46fe6fc1664ccd70672ba374f880622a", "size": 1656}, "epoch": 9, "loss": 0.1351443263500366, "categorical_accuracy": 0.9578640460968018, "val_loss": 0.15758904288273992, "val_categorical_accuracy": 0.9512229561805725, "_runtime": 452, "_timestamp": 1621336441, "_step": 10, "best_val_loss": 0.15758904288273992, "best_epoch": 9, "word_level_acc": 0.35535673319568706}