{"n_hidden_layers": 3, "hidden_layer_size": 128, "_runtime": 1315, "_timestamp": 1615808581, "_step": 13, "val_acc": 81.43333333333334, "train_acc": 82.05185185185185, "val_loss": 6.599834680748836, "train_loss": 6.63459851180257, "epoch": 10, "test_acc": 80.94, "confusion_matrix": {"_type": "table-file", "path": "media/table/confusion_matrix_12_c28f925e.table.json", "sha256": "c28f925ea3e7649e62a1207766466c1c6cc27249fce891cdaeab739c114bf683", "size": 2648, "ncols": 3, "nrows": 100}, "Confusion_Matrix": null}