{"graph": {"_type": "graph-file", "path": "media/graph/graph_summary_897a872b.graph.json", "sha256": "897a872b9f840b15e69cb034a3727d94fb094e96ec32151357614a5ef07f4627", "size": 2077}, "epoch": 4, "loss": 0.543839689143008, "categorical_accuracy": 0.838401198387146, "val_loss": 0.5046313721861799, "val_categorical_accuracy": 0.8510252237319946, "_runtime": 1073, "_timestamp": 1621280703, "_step": 5, "best_val_loss": 0.5046313721861799, "best_epoch": 4, "word_level_acc": 0.032805689378297774}