{"n_hidden_layers": 5, "hidden_layer_size": 64, "_runtime": 776, "_timestamp": 1615777380, "_step": 14, "Images": {"_type": "image-file", "path": "media/images/Images_1_763de35b.png", "sha256": "763de35b3e24efb52008f00bf09b6982033f6e5b0d7b79b68e4dbd386ce93cc4", "size": 32478, "format": "png", "width": 1200, "height": 600, "caption": "Sample image of each class"}, "val_acc": 86.5, "train_acc": 90.49814814814815, "val_loss": 0.417482118949258, "train_loss": 0.2755384183471146, "test_acc": 85.84, "confusion_matrix": {"_type": "table-file", "path": "media/table/confusion_matrix_13_f1ebcd85.table.json", "sha256": "f1ebcd85c7dd74c37c4e85f3d44120ee0d4089e5b3a6edf2b4ab7951f4df2b10", "size": 2647, "ncols": 3, "nrows": 100}, "Confusion_Matrix": null}