{"n_hidden_layers": 4, "hidden_layer_size": 64, "_runtime": 303, "_timestamp": 1615762847, "_step": 9, "Images": {"_type": "image-file", "path": "media/images/Images_1_763de35b.png", "sha256": "763de35b3e24efb52008f00bf09b6982033f6e5b0d7b79b68e4dbd386ce93cc4", "size": 32478, "format": "png", "width": 1200, "height": 600, "caption": "Sample image of each class"}, "val_acc": 47.5, "train_acc": 47.931481481481484, "val_loss": 4.739292365931343, "train_loss": 4.743120324191462, "test_acc": 47.94, "confusion_matrix": {"_type": "table-file", "path": "media/table/confusion_matrix_8_fa18f230.table.json", "sha256": "fa18f230af7bc913644759fb34b889438cc326f6a07c701989b4697155476133", "size": 2645, "ncols": 3, "nrows": 100}, "Confusion_Matrix": null}