{"n_hidden_layers": 3, "hidden_layer_size": 128, "_runtime": 471, "_timestamp": 1615775691, "_step": 9, "Images": {"_type": "image-file", "path": "media/images/Images_1_763de35b.png", "sha256": "763de35b3e24efb52008f00bf09b6982033f6e5b0d7b79b68e4dbd386ce93cc4", "size": 32478, "format": "png", "width": 1200, "height": 600, "caption": "Sample image of each class"}, "val_acc": 59.083333333333336, "train_acc": 59.138888888888886, "val_loss": 1.578414305046633, "train_loss": 1.5746026995175695, "test_acc": 59.48, "confusion_matrix": {"_type": "table-file", "path": "media/table/confusion_matrix_8_99f2c27b.table.json", "sha256": "99f2c27bcecb8ab7608658e32958cbc8253f6821afe6f16fd52318e1fd944b3c", "size": 2669, "ncols": 3, "nrows": 100}, "Confusion_Matrix": null}