{"n_hidden_layers": 3, "hidden_layer_size": 64, "_runtime": 767, "_timestamp": 1615808949, "_step": 13, "val_acc": 87.33333333333333, "train_acc": 90.27222222222223, "val_loss": 0.3494497247180083, "train_loss": 0.27400063936816, "epoch": 10, "test_acc": 86.26, "confusion_matrix": {"_type": "table-file", "path": "media/table/confusion_matrix_12_384f3c62.table.json", "sha256": "384f3c6224fc58131ad5a58084de1c933c0a702b8344fd606031855548f7686e", "size": 2645, "ncols": 3, "nrows": 100}, "Confusion_Matrix": null}