{"n_hidden_layers": 5, "hidden_layer_size": 64, "_runtime": 1341, "_timestamp": 1615815376, "_step": 13, "val_acc": 86.51666666666667, "train_acc": 88.53518518518518, "val_loss": 0.37093049244784165, "train_loss": 0.324008421526536, "epoch": 10, "test_acc": 86.13, "confusion_matrix": {"_type": "table-file", "path": "media/table/confusion_matrix_12_3362de41.table.json", "sha256": "3362de41c8c9e13b825bb98f52097232a145d54f794b18b33045dfc00b45b85e", "size": 2647, "ncols": 3, "nrows": 100}, "Confusion_Matrix": null}