{"n_hidden_layers": 4, "hidden_layer_size": 64, "_runtime": 375, "_timestamp": 1615814180, "_step": 8, "val_acc": 83.96666666666667, "train_acc": 85.15185185185184, "val_loss": 7.843723979636852, "train_loss": 7.863706154425518, "epoch": 5, "test_acc": 83.28, "confusion_matrix": {"_type": "table-file", "path": "media/table/confusion_matrix_7_6e6f192d.table.json", "sha256": "6e6f192d2cce352f67d4709ff4255639642fe6d022b6d858bc18bb242d463e6b", "size": 2649, "ncols": 3, "nrows": 100}, "Confusion_Matrix": null}