{"n_hidden_layers": 5, "hidden_layer_size": 128, "_runtime": 593, "_timestamp": 1615756342, "_step": 9, "Images": {"_type": "image-file", "path": "media/images/Images_1_763de35b.png", "sha256": "763de35b3e24efb52008f00bf09b6982033f6e5b0d7b79b68e4dbd386ce93cc4", "size": 32478, "format": "png", "width": 1200, "height": 600, "caption": "Sample image of each class"}, "val_acc": 66.81666666666666, "train_acc": 67.71296296296296, "val_loss": 5.860224306536877, "train_loss": 5.8751402300137325, "test_acc": 66.88, "confusion_matrix": {"_type": "table-file", "path": "media/table/confusion_matrix_8_bdd7ef37.table.json", "sha256": "bdd7ef37fa9a78dbb48ee39d7c1af5aca1d156742e2c4f3eebb0f32f1a511d07", "size": 2652, "ncols": 3, "nrows": 100}, "Confusion_Matrix": null}