{"graph": {"_type": "graph-file", "path": "media/graph/graph_summary_de291aa4.graph.json", "sha256": "de291aa4cad5bfe8bba905fdb2013bf10be3b43e2d70092cf2483b80afbe92f2", "size": 2594}, "epoch": 9, "loss": 0.06345209909099257, "categorical_accuracy": 0.9802424907684326, "val_loss": 0.1825572496011296, "val_categorical_accuracy": 0.9473230242729187, "_runtime": 557, "_timestamp": 1621338301, "_step": 10, "best_val_loss": 0.17714159776582497, "best_epoch": 7, "word_level_acc": 0.43106217022252813}