{"n_hidden_layers": 4, "hidden_layer_size": 64, "_runtime": 303, "_timestamp": 1615775211, "_step": 9, "Images": {"_type": "image-file", "path": "media/images/Images_1_763de35b.png", "sha256": "763de35b3e24efb52008f00bf09b6982033f6e5b0d7b79b68e4dbd386ce93cc4", "size": 32478, "format": "png", "width": 1200, "height": 600, "caption": "Sample image of each class"}, "val_acc": 28.633333333333333, "train_acc": 29.566666666666666, "val_loss": 4.72502689285091, "train_loss": 4.728462475512323, "test_acc": 29.19, "confusion_matrix": {"_type": "table-file", "path": "media/table/confusion_matrix_8_53b028c5.table.json", "sha256": "53b028c5b77fba791b0f3abaddbeb33fde08f03f5da726a5d13cbf03243987bb", "size": 2635, "ncols": 3, "nrows": 100}, "Confusion_Matrix": null}