{"n_hidden_layers": 5, "hidden_layer_size": 128, "_runtime": 995, "_timestamp": 1615809603, "_step": 8, "val_acc": 86.33333333333333, "train_acc": 87.54629629629629, "val_loss": 7.827666184766278, "train_loss": 7.85312255707023, "epoch": 5, "test_acc": 85.17, "confusion_matrix": {"_type": "table-file", "path": "media/table/confusion_matrix_7_c3f6083a.table.json", "sha256": "c3f6083a9248bcc519da944528e116cfcb0cddfa35bb6ae6aeab32e4373e7033", "size": 2646, "ncols": 3, "nrows": 100}, "Confusion_Matrix": null}