{"n_hidden_layers": 5, "hidden_layer_size": 128, "_runtime": 1301, "_timestamp": 1615761636, "_step": 14, "Images": {"_type": "image-file", "path": "media/images/Images_1_763de35b.png", "sha256": "763de35b3e24efb52008f00bf09b6982033f6e5b0d7b79b68e4dbd386ce93cc4", "size": 32478, "format": "png", "width": 1200, "height": 600, "caption": "Sample image of each class"}, "val_acc": 86.23333333333333, "train_acc": 88.12962962962963, "val_loss": 0.38032064837277624, "train_loss": 0.33482006164558104, "test_acc": 85.25, "confusion_matrix": {"_type": "table-file", "path": "media/table/confusion_matrix_13_2006d865.table.json", "sha256": "2006d8651fe9a0b966d00e8190c0e8747d292b6203e26aa91c1b6b2486e5767b", "size": 2648, "ncols": 3, "nrows": 100}, "Confusion_Matrix": null}