{"graph": {"_type": "graph-file", "path": "media/graph/graph_summary_a1c08fc7.graph.json", "sha256": "a1c08fc7375696594dd87ddf5fca38d90ddf843762b307c91ae2d7f465d5ab51", "size": 1168}, "epoch": 9, "loss": 0.4146684696044389, "categorical_accuracy": 0.8775047063827515, "val_loss": 0.41093070698758005, "val_categorical_accuracy": 0.8779208660125732, "_runtime": 223, "_timestamp": 1621283958, "_step": 10, "best_val_loss": 0.41093070698758005, "best_epoch": 9, "word_level_acc": 0.06331727460426703}