{"Images": {"_type": "image-file", "path": "media/images/Images_0_763de35b.png", "sha256": "763de35b3e24efb52008f00bf09b6982033f6e5b0d7b79b68e4dbd386ce93cc4", "size": 32478, "format": "png", "width": 1200, "height": 600, "caption": "Sample image of each class"}, "_runtime": 803, "_timestamp": 1615722239, "_step": 10, "val_acc": 69.21666666666667, "train_acc": 69.07037037037037, "val_loss": 0.797092098220924, "train_loss": 0.8060444691258944}