{"n_hidden_layers": 3, "hidden_layer_size": 128, "_runtime": 446, "_timestamp": 1615776596, "_step": 9, "Images": {"_type": "image-file", "path": "media/images/Images_1_763de35b.png", "sha256": "763de35b3e24efb52008f00bf09b6982033f6e5b0d7b79b68e4dbd386ce93cc4", "size": 32478, "format": "png", "width": 1200, "height": 600, "caption": "Sample image of each class"}, "val_acc": 88.03333333333333, "train_acc": 92.16111111111111, "val_loss": 0.336936978076751, "train_loss": 0.2189802313258164, "test_acc": 86.81, "confusion_matrix": {"_type": "table-file", "path": "media/table/confusion_matrix_8_3e59cfdd.table.json", "sha256": "3e59cfdda874d7b3eadfaa65511e439d067a9f66d7bd15d109f931d7612a0988", "size": 2646, "ncols": 3, "nrows": 100}, "Confusion_Matrix": null}