{"n_hidden_layers": 4, "hidden_layer_size": 128, "_runtime": 619, "_timestamp": 1615804088, "_step": 8, "val_acc": 85.73333333333333, "train_acc": 86.87037037037037, "val_loss": 7.89183006766374, "train_loss": 7.9187426133343575, "epoch": 5, "test_acc": 85.07, "confusion_matrix": {"_type": "table-file", "path": "media/table/confusion_matrix_7_2473590d.table.json", "sha256": "2473590d956bd4a4b96585948dab33bfc8a3f122313d8093160c180e75215637", "size": 2647, "ncols": 3, "nrows": 100}, "Confusion_Matrix": null}