{"n_hidden_layers": 3, "hidden_layer_size": 64, "_runtime": 1056, "_timestamp": 1615815911, "_step": 13, "val_acc": 97.03333333333333, "train_acc": 99.31851851851852, "val_loss": 0.10285579030975205, "train_loss": 0.026819516254427668, "epoch": 10, "test_acc": 96.92, "confusion_matrix": {"_type": "table-file", "path": "media/table/confusion_matrix_12_c8ca0fe4.table.json", "sha256": "c8ca0fe4b3b40741992e722510ff33ad617b9abbd48f9b90678c3a9d1a8f4b13", "size": 2621, "ncols": 3, "nrows": 100}, "Confusion_Matrix": null}