{"graph": {"_type": "graph-file", "path": "media/graph/graph_summary_6579ccdf.graph.json", "sha256": "6579ccdf732fc922d64ec73a99169ef3d2df7594cc5e966678051bab38d8be09", "size": 2041}, "epoch": 4, "loss": 0.13543559202574426, "categorical_accuracy": 0.9570313692092896, "val_loss": 0.15788346924525276, "val_categorical_accuracy": 0.950458288192749, "_runtime": 398, "_timestamp": 1621336852, "_step": 5, "best_val_loss": 0.15788346924525276, "best_epoch": 4, "word_level_acc": 0.46501491167699016}