{"n_hidden_layers": 5, "hidden_layer_size": 32, "_runtime": 386, "_timestamp": 1615814019, "_step": 8, "val_acc": 85.6, "train_acc": 87.55185185185185, "val_loss": 8.05781141002843, "train_loss": 8.079319367720506, "epoch": 5, "test_acc": 85.05, "confusion_matrix": {"_type": "table-file", "path": "media/table/confusion_matrix_7_d3a41ae5.table.json", "sha256": "d3a41ae5fffebdb42caa24fad8f914c3fd9e0683658a68e5e7e18594708135a4", "size": 2647, "ncols": 3, "nrows": 100}, "Confusion_Matrix": null}