{"graph": {"_type": "graph-file", "path": "media/graph/graph_summary_65de6fe9.graph.json", "sha256": "65de6fe9f1cb655c09ffe7ffe857f0fbb072706b96584706b62c06df3cac9ced", "size": 1156}, "epoch": 4, "loss": 0.481807534152088, "categorical_accuracy": 0.8562185764312744, "val_loss": 0.47015076635025543, "val_categorical_accuracy": 0.8579840064048767, "_runtime": 345, "_timestamp": 1621299378, "_step": 5, "best_val_loss": 0.47015076635025543, "best_epoch": 4, "word_level_acc": 0.04725854553796743}