{"n_hidden_layers": 3, "hidden_layer_size": 32, "_runtime": 237, "_timestamp": 1615759800, "_step": 9, "Images": {"_type": "image-file", "path": "media/images/Images_1_763de35b.png", "sha256": "763de35b3e24efb52008f00bf09b6982033f6e5b0d7b79b68e4dbd386ce93cc4", "size": 32478, "format": "png", "width": 1200, "height": 600, "caption": "Sample image of each class"}, "val_acc": 68.81666666666666, "train_acc": 69.55740740740741, "val_loss": 0.85251390629862, "train_loss": 0.8402647376919201, "test_acc": 68.45, "confusion_matrix": {"_type": "table-file", "path": "media/table/confusion_matrix_8_c14370b1.table.json", "sha256": "c14370b1c33ce7bff90f97214e974a9b5ebec1812213534b4a9667b41a4ffb76", "size": 2656, "ncols": 3, "nrows": 100}, "Confusion_Matrix": null}