{"n_hidden_layers": 3, "hidden_layer_size": 64, "_runtime": 279, "_timestamp": 1615761927, "_step": 9, "Images": {"_type": "image-file", "path": "media/images/Images_1_763de35b.png", "sha256": "763de35b3e24efb52008f00bf09b6982033f6e5b0d7b79b68e4dbd386ce93cc4", "size": 32478, "format": "png", "width": 1200, "height": 600, "caption": "Sample image of each class"}, "val_acc": 86.61666666666666, "train_acc": 88.73518518518519, "val_loss": 0.3846124205706798, "train_loss": 0.32889911742620326, "test_acc": 85.82, "confusion_matrix": {"_type": "table-file", "path": "media/table/confusion_matrix_8_6b856c40.table.json", "sha256": "6b856c409532b41ebf48e52a8bfeadda548853c9e3f34668a8d4a1e8388da7fd", "size": 2646, "ncols": 3, "nrows": 100}, "Confusion_Matrix": null}