{"n_hidden_layers": 4, "hidden_layer_size": 128, "_runtime": 565, "_timestamp": 1615756932, "_step": 9, "Images": {"_type": "image-file", "path": "media/images/Images_1_763de35b.png", "sha256": "763de35b3e24efb52008f00bf09b6982033f6e5b0d7b79b68e4dbd386ce93cc4", "size": 32478, "format": "png", "width": 1200, "height": 600, "caption": "Sample image of each class"}, "val_acc": 28.45, "train_acc": 27.525925925925925, "val_loss": 2.273053846837243, "train_loss": 2.2733290791624436, "test_acc": 27.72, "confusion_matrix": {"_type": "table-file", "path": "media/table/confusion_matrix_8_982817a4.table.json", "sha256": "982817a44941de575948f3558494ab399d8105961b3fbd0e7abee2555af03986", "size": 2647, "ncols": 3, "nrows": 100}, "Confusion_Matrix": null}