{"n_hidden_layers": 4, "hidden_layer_size": 32, "_runtime": 75, "_timestamp": 1615783416, "_step": 3, "Images": {"_type": "image-file", "path": "media/images/Images_1_763de35b.png", "sha256": "763de35b3e24efb52008f00bf09b6982033f6e5b0d7b79b68e4dbd386ce93cc4", "size": 32478, "format": "png", "width": 1200, "height": 600, "caption": "Sample image of each class"}, "val_acc": 76.55, "train_acc": 77.67222222222222, "val_loss": 0.6429301200124439, "train_loss": 0.6289953462611186}