{"n_hidden_layers": 3, "hidden_layer_size": 64, "_runtime": 242, "_timestamp": 1615749833, "_step": 9, "Images": {"_type": "image-file", "path": "media/images/Images_1_763de35b.png", "sha256": "763de35b3e24efb52008f00bf09b6982033f6e5b0d7b79b68e4dbd386ce93cc4", "size": 32478, "format": "png", "width": 1200, "height": 600, "caption": "Sample image of each class"}, "val_acc": 87.7, "train_acc": 90.22592592592592, "val_loss": 8.295437788618942, "train_loss": 8.326038170964853, "test_acc": 86.84, "confusion_matrix": {"_type": "table-file", "path": "media/table/confusion_matrix_8_2095293f.table.json", "sha256": "2095293fc1ed24c53df9be657c910c326e2f5d80a7676b95df6d5caf07d3f110", "size": 2647, "ncols": 3, "nrows": 100}, "Confusion_Matrix": null}