{"n_hidden_layers": 4, "hidden_layer_size": 32, "_runtime": 418, "_timestamp": 1615813619, "_step": 8, "val_acc": 74.21666666666667, "train_acc": 75.35, "val_loss": 0.7113805306347991, "train_loss": 0.6949235449436895, "epoch": 5, "test_acc": 74.64, "confusion_matrix": {"_type": "table-file", "path": "media/table/confusion_matrix_7_ad12f704.table.json", "sha256": "ad12f7045bba8617ee9d215f0d7e9cbe4d1026754096751f3c748bfbf60ab9ec", "size": 2656, "ncols": 3, "nrows": 100}, "Confusion_Matrix": null}