{"graph": {"_type": "graph-file", "path": "media/graph/graph_summary_f77900f6.graph.json", "sha256": "f77900f6fe4066bd6b2d14a03277407356499c3a0415b8eac30c3b3010de1790", "size": 1895}, "epoch": 9, "loss": 0.5610184084949768, "categorical_accuracy": 0.838419497013092, "val_loss": 0.545361042788445, "val_categorical_accuracy": 0.8447983860969543, "_runtime": 888, "_timestamp": 1621297565, "_step": 10, "best_val_loss": 0.28035909980774804, "best_epoch": 2, "word_level_acc": 0.038540949759119064}