{"n_hidden_layers": 5, "hidden_layer_size": 32, "_runtime": 258, "_timestamp": 1615770858, "_step": 9, "Images": {"_type": "image-file", "path": "media/images/Images_1_763de35b.png", "sha256": "763de35b3e24efb52008f00bf09b6982033f6e5b0d7b79b68e4dbd386ce93cc4", "size": 32478, "format": "png", "width": 1200, "height": 600, "caption": "Sample image of each class"}, "val_acc": 83.6, "train_acc": 84.3425925925926, "val_loss": 7.777904672977888, "train_loss": 7.808573240346035, "test_acc": 82.75, "confusion_matrix": {"_type": "table-file", "path": "media/table/confusion_matrix_8_89dbc79e.table.json", "sha256": "89dbc79e1bdf10e5e722b1709540e42f3abaf24dc31747441328b0716fea298c", "size": 2652, "ncols": 3, "nrows": 100}, "Confusion_Matrix": null}