{"graph": {"_type": "graph-file", "path": "media/graph/graph_summary_3feb22c9.graph.json", "sha256": "3feb22c93cde7b5d4cc670ba5d328ae5d774ea5bc827e14083a25d260f2ff8a2", "size": 1644}, "epoch": 4, "loss": 0.29888163849908617, "categorical_accuracy": 0.9099767804145813, "val_loss": 0.37137466115972323, "val_categorical_accuracy": 0.8910518884658813, "_runtime": 376, "_timestamp": 1621289112, "_step": 5, "best_val_loss": 0.37137466115972323, "best_epoch": 4, "word_level_acc": 0.07019958706125258}