{"graph": {"_type": "graph-file", "path": "media/graph/graph_summary_c9220a9b.graph.json", "sha256": "c9220a9bf468209141842eba1934d9224bb7a4ee4dc704b1a982ce88514cac1b", "size": 1912}, "epoch": 9, "loss": 0.8049927987363082, "categorical_accuracy": 0.7747679948806763, "val_loss": 0.8461950400138727, "val_categorical_accuracy": 0.7688635587692261, "_runtime": 298, "_timestamp": 1621294285, "_step": 10, "best_val_loss": 0.8461950400138727, "best_epoch": 9, "word_level_acc": 0.0}