{"graph": {"_type": "graph-file", "path": "media/graph/graph_summary_8c42f617.graph.json", "sha256": "8c42f6179b7c14f3e0b1a5a6417034815d4eac20ea650db42accf195f8b38bf6", "size": 1159}, "epoch": 4, "loss": 0.6175948378268767, "categorical_accuracy": 0.8228588700294495, "val_loss": 0.6213315066516769, "val_categorical_accuracy": 0.8231791853904724, "_runtime": 615, "_timestamp": 1621285464, "_step": 5, "best_val_loss": 0.6213315066516769, "best_epoch": 4, "word_level_acc": 0.009176416609314062}