{"graph": {"_type": "graph-file", "path": "media/graph/graph_summary_c864a565.graph.json", "sha256": "c864a565c83e6765a5aa1ebd4b091d1f2348f34fffe66d70a1e3e3eb36731f95", "size": 1526}, "epoch": 9, "loss": 0.5414072812324924, "categorical_accuracy": 0.8420842289924622, "val_loss": 0.5155232700972854, "val_categorical_accuracy": 0.8494521379470825, "_runtime": 681, "_timestamp": 1621279616, "_step": 10, "best_val_loss": 0.5155232700972854, "best_epoch": 9, "word_level_acc": 0.01904106446432668}