{"n_hidden_layers": 5, "hidden_layer_size": 128, "_runtime": 732, "_timestamp": 1615810345, "_step": 8, "val_acc": 88.1, "train_acc": 91.40185185185184, "val_loss": 0.3392915720224167, "train_loss": 0.2349361463031793, "epoch": 5, "test_acc": 86.92, "confusion_matrix": {"_type": "table-file", "path": "media/table/confusion_matrix_7_3697cd77.table.json", "sha256": "3697cd77de4ce14660ebd0627520ed410c1e595291fda979452b3ae4872a6e3e", "size": 2642, "ncols": 3, "nrows": 100}, "Confusion_Matrix": null}