{"n_hidden_layers": 2, "hidden_layer_size": 32, "_runtime": 38, "_timestamp": 1615733035, "_step": 2, "Images": {"_type": "image-file", "path": "media/images/Images_1_763de35b.png", "sha256": "763de35b3e24efb52008f00bf09b6982033f6e5b0d7b79b68e4dbd386ce93cc4", "size": 32478, "format": "png", "width": 1200, "height": 600, "caption": "Sample image of each class"}, "val_acc": 49.93333333333333, "train_acc": 50.294444444444444, "val_loss": 1.737595162367136, "train_loss": 1.7339355858098995}