{"Images": {"_type": "image-file", "path": "media/images/Images_0_763de35b.png", "sha256": "763de35b3e24efb52008f00bf09b6982033f6e5b0d7b79b68e4dbd386ce93cc4", "size": 32478, "format": "png", "width": 1200, "height": 600, "caption": "Sample image of each class"}, "_runtime": 281, "_timestamp": 1615723645, "_step": 5, "val_acc": 51.21666666666667, "train_acc": 50.80740740740741, "val_loss": 1.6349320845706536, "train_loss": 1.6334675294280168}