{"n_hidden_layers": 4, "hidden_layer_size": 32, "_runtime": 374, "_timestamp": 1615783331, "_step": 12, "Images": {"_type": "image-file", "path": "media/images/Images_1_763de35b.png", "sha256": "763de35b3e24efb52008f00bf09b6982033f6e5b0d7b79b68e4dbd386ce93cc4", "size": 32478, "format": "png", "width": 1200, "height": 600, "caption": "Sample image of each class"}, "val_acc": 87.33333333333333, "train_acc": 88.91666666666667, "val_loss": 0.36786122843454677, "train_loss": 0.3097301714176149, "test_acc": 86.26}