{"n_hidden_layers": 3, "hidden_layer_size": 32, "_runtime": 394, "_timestamp": 1615765592, "_step": 14, "Images": {"_type": "image-file", "path": "media/images/Images_1_763de35b.png", "sha256": "763de35b3e24efb52008f00bf09b6982033f6e5b0d7b79b68e4dbd386ce93cc4", "size": 32478, "format": "png", "width": 1200, "height": 600, "caption": "Sample image of each class"}, "val_acc": 86.96666666666667, "train_acc": 88.63518518518518, "val_loss": 8.110853871588125, "train_loss": 8.131009041010435, "test_acc": 86.07, "confusion_matrix": {"_type": "table-file", "path": "media/table/confusion_matrix_13_4b925d27.table.json", "sha256": "4b925d274873516ab4b417a777ea9dc558c54e2a01eab861026640525bc033b2", "size": 2646, "ncols": 3, "nrows": 100}, "Confusion_Matrix": null}