{"Images": {"_type": "image-file", "path": "media/images/Images_0_763de35b.png", "sha256": "763de35b3e24efb52008f00bf09b6982033f6e5b0d7b79b68e4dbd386ce93cc4", "size": 32478, "format": "png", "width": 1200, "height": 600, "caption": "Sample image of each class"}, "_runtime": 274, "_timestamp": 1615723934, "_step": 5, "val_acc": 65.4, "train_acc": 65.63333333333334, "val_loss": 0.9267318142981631, "train_loss": 0.9231369443353972}