{"n_hidden_layers": 4, "hidden_layer_size": 32, "_runtime": 224, "_timestamp": 1615764636, "_step": 9, "Images": {"_type": "image-file", "path": "media/images/Images_1_763de35b.png", "sha256": "763de35b3e24efb52008f00bf09b6982033f6e5b0d7b79b68e4dbd386ce93cc4", "size": 32478, "format": "png", "width": 1200, "height": 600, "caption": "Sample image of each class"}, "val_acc": 86.08333333333333, "train_acc": 87.02222222222223, "val_loss": 0.3915482247781321, "train_loss": 0.3634808706368687, "test_acc": 85.21, "confusion_matrix": {"_type": "table-file", "path": "media/table/confusion_matrix_8_58420d39.table.json", "sha256": "58420d39cd331da158760eda9d2722e9ea5684598b632708a966283b441ffb4f", "size": 2648, "ncols": 3, "nrows": 100}, "Confusion_Matrix": null}