{"Validation accuracy": 10.041666666666666, "Validation loss": 2.361974373920236, "Epoch": 3, "_runtime": 132, "_timestamp": 1615564505, "_step": 2}