{"graph": {"_type": "graph-file", "path": "media/graph/graph_summary_cb6b793d.graph.json", "sha256": "cb6b793d9b293be0bf8f71a9ddf8b033bec22281581ab8950ed7ed016f959451", "size": 1155}, "epoch": 4, "loss": 0.23632788753202094, "categorical_accuracy": 0.92524653673172, "val_loss": 0.25202237249077064, "val_categorical_accuracy": 0.9220550656318665, "_runtime": 340, "_timestamp": 1621294638, "_step": 5, "best_val_loss": 0.25202237249077064, "best_epoch": 4, "word_level_acc": 0.28125716907547604}