{"graph": {"_type": "graph-file", "path": "media/graph/graph_summary_bce3d489.graph.json", "sha256": "bce3d489dda85defd9d0909fa8cd215f5ba49b5629d2efbe28fddb1e0355321c", "size": 1516}, "epoch": 9, "loss": 0.1605497550062971, "categorical_accuracy": 0.9479427337646484, "val_loss": 0.1970167812502666, "val_categorical_accuracy": 0.9384524822235107, "_runtime": 431, "_timestamp": 1621302608, "_step": 10, "best_val_loss": 0.1970167812502666, "best_epoch": 9, "word_level_acc": 0.3610919935765084}