{"n_hidden_layers": 4, "hidden_layer_size": 32, "_runtime": 553, "_timestamp": 1615757521, "_step": 14, "Images": {"_type": "image-file", "path": "media/images/Images_1_763de35b.png", "sha256": "763de35b3e24efb52008f00bf09b6982033f6e5b0d7b79b68e4dbd386ce93cc4", "size": 32478, "format": "png", "width": 1200, "height": 600, "caption": "Sample image of each class"}, "val_acc": 79.93333333333334, "train_acc": 81.35925925925926, "val_loss": 0.554581215057218, "train_loss": 0.5242175654520322, "test_acc": 79.72, "confusion_matrix": {"_type": "table-file", "path": "media/table/confusion_matrix_13_49faa2f9.table.json", "sha256": "49faa2f90dbd102b71062cdc7091cf92021160f3f1a52d35980514e07b16d2c6", "size": 2652, "ncols": 3, "nrows": 100}, "Confusion_Matrix": null}