{"n_hidden_layers": 4, "hidden_layer_size": 64, "_runtime": 733, "_timestamp": 1615773494, "_step": 14, "Images": {"_type": "image-file", "path": "media/images/Images_1_763de35b.png", "sha256": "763de35b3e24efb52008f00bf09b6982033f6e5b0d7b79b68e4dbd386ce93cc4", "size": 32478, "format": "png", "width": 1200, "height": 600, "caption": "Sample image of each class"}, "val_acc": 84.78333333333333, "train_acc": 87.69074074074074, "val_loss": 7.864773885485532, "train_loss": 7.896424286598015, "test_acc": 84.74, "confusion_matrix": {"_type": "table-file", "path": "media/table/confusion_matrix_13_eeb5e5c3.table.json", "sha256": "eeb5e5c35e51bebd38897f3fdaee0e91a3c27b4efd81fa2e75788e0049fd13c5", "size": 2649, "ncols": 3, "nrows": 100}, "Confusion_Matrix": null}