{"graph": {"_type": "graph-file", "path": "media/graph/graph_summary_f374daba.graph.json", "sha256": "f374daba3333bb9935a56dee184dcdf8d9d531aff0fe573aae24c350b466f9a2", "size": 1657}, "epoch": 9, "loss": 0.09010199472542438, "categorical_accuracy": 0.9709222912788391, "val_loss": 0.15018175998721875, "val_categorical_accuracy": 0.9541178941726685, "_runtime": 459, "_timestamp": 1621338774, "_step": 10, "best_val_loss": 0.14587204189414305, "best_epoch": 7, "word_level_acc": 0.47350309704060567}