{"n_hidden_layers": 3, "hidden_layer_size": 64, "_runtime": 600, "_timestamp": 1615758718, "_step": 14, "Images": {"_type": "image-file", "path": "media/images/Images_1_763de35b.png", "sha256": "763de35b3e24efb52008f00bf09b6982033f6e5b0d7b79b68e4dbd386ce93cc4", "size": 32478, "format": "png", "width": 1200, "height": 600, "caption": "Sample image of each class"}, "val_acc": 84.85, "train_acc": 86.14814814814815, "val_loss": 0.42138286919076307, "train_loss": 0.39141824832700783, "test_acc": 83.73, "confusion_matrix": {"_type": "table-file", "path": "media/table/confusion_matrix_13_b80aebdb.table.json", "sha256": "b80aebdbae07f28d05fe92ca1664256ca7c25443d5584e4a38294b743a737674", "size": 2649, "ncols": 3, "nrows": 100}, "Confusion_Matrix": null}