{"graph": {"_type": "graph-file", "path": "media/graph/graph_summary_715afdbb.graph.json", "sha256": "715afdbb72c36d33cb91d3a58b130eb947b03cef56af507b30ab79deac136cf1", "size": 2075}, "epoch": 9, "loss": 0.1799659061436604, "categorical_accuracy": 0.9437071084976196, "val_loss": 0.19695818223218137, "val_categorical_accuracy": 0.9388129711151123, "_runtime": 896, "_timestamp": 1621290026, "_step": 10, "best_val_loss": 0.19695818223218137, "best_epoch": 9, "word_level_acc": 0.40903877036017433}