{"n_hidden_layers": 4, "hidden_layer_size": 128, "_runtime": 896, "_timestamp": 1615752228, "_step": 14, "Images": {"_type": "image-file", "path": "media/images/Images_1_763de35b.png", "sha256": "763de35b3e24efb52008f00bf09b6982033f6e5b0d7b79b68e4dbd386ce93cc4", "size": 32478, "format": "png", "width": 1200, "height": 600, "caption": "Sample image of each class"}, "val_acc": 86.08333333333333, "train_acc": 91.2925925925926, "val_loss": 0.4368296972784043, "train_loss": 0.2470256513887665, "test_acc": 85.93, "confusion_matrix": {"_type": "table-file", "path": "media/table/confusion_matrix_13_b07d4bb8.table.json", "sha256": "b07d4bb80ea6cc974523f6449f6f5730411a7ae423effbdc21ab6bb09dc13d68", "size": 2644, "ncols": 3, "nrows": 100}, "Confusion_Matrix": null}