{"n_hidden_layers": 5, "hidden_layer_size": 128, "_runtime": 1380, "_timestamp": 1615766985, "_step": 14, "Images": {"_type": "image-file", "path": "media/images/Images_1_763de35b.png", "sha256": "763de35b3e24efb52008f00bf09b6982033f6e5b0d7b79b68e4dbd386ce93cc4", "size": 32478, "format": "png", "width": 1200, "height": 600, "caption": "Sample image of each class"}, "val_acc": 87.63333333333334, "train_acc": 94.70185185185186, "val_loss": 0.4197190133882036, "train_loss": 0.147598034587438, "test_acc": 86.79, "confusion_matrix": {"_type": "table-file", "path": "media/table/confusion_matrix_13_00661337.table.json", "sha256": "0066133746a8cd14bd969b38e4d2129a0638539d2dc82859917f411d5ef63c27", "size": 2645, "ncols": 3, "nrows": 100}, "Confusion_Matrix": null}