{"graph": {"_type": "graph-file", "path": "media/graph/graph_summary_34412a10.graph.json", "sha256": "34412a10933c0006d96156d9f32a04514bf028484632c8e661ed8dd893a79e21", "size": 2050}, "epoch": 4, "loss": 0.5635356379868609, "categorical_accuracy": 0.8346599340438843, "val_loss": 0.5202183428229638, "val_categorical_accuracy": 0.8459782004356384, "_runtime": 604, "_timestamp": 1621284571, "_step": 5, "best_val_loss": 0.5202183428229638, "best_epoch": 4, "word_level_acc": 0.03395274145446203}