{"graph": {"_type": "graph-file", "path": "media/graph/graph_summary_ad5cb532.graph.json", "sha256": "ad5cb532a82a662165f091ba142f1540d0396c0176bee24a580a81e5bbd428a9", "size": 1160}, "epoch": 4, "loss": 0.8290530499661215, "categorical_accuracy": 0.7709513306617737, "val_loss": 0.7971590681753182, "val_categorical_accuracy": 0.7781491875648499, "_runtime": 112, "_timestamp": 1621293211, "_step": 5, "best_val_loss": 0.7971590681753182, "best_epoch": 4, "word_level_acc": 0.0}