{"n_hidden_layers": 3, "hidden_layer_size": 128, "_runtime": 1398, "_timestamp": 1615805596, "_step": 13, "val_acc": 83.6, "train_acc": 83.79629629629629, "val_loss": 7.641020102257618, "train_loss": 7.673955328466105, "epoch": 10, "test_acc": 82.51, "confusion_matrix": {"_type": "table-file", "path": "media/table/confusion_matrix_12_2ce404ef.table.json", "sha256": "2ce404ef8aa5d76f6ef56ebed39af44d36f2712deb8c856c312caed62f06fbd5", "size": 2654, "ncols": 3, "nrows": 100}, "Confusion_Matrix": null}