{"n_hidden_layers": 4, "hidden_layer_size": 128, "_runtime": 1464, "_timestamp": 1615812985, "_step": 13, "val_acc": 87.61666666666666, "train_acc": 90.76851851851852, "val_loss": 8.086370032323094, "train_loss": 8.121783279459299, "epoch": 10, "test_acc": 86.52, "confusion_matrix": {"_type": "table-file", "path": "media/table/confusion_matrix_12_274be588.table.json", "sha256": "274be588fe1466225a1443e0ff06784e38e9c9ab9c4c3e241d57012a2f23d0f9", "size": 2646, "ncols": 3, "nrows": 100}, "Confusion_Matrix": null}