{"graph": {"_type": "graph-file", "path": "media/graph/graph_summary_1b2ccfb3.graph.json", "sha256": "1b2ccfb3687bf030893f62ac2277eee84c992c0d8a3c742122c9815bf75b7736", "size": 1904}, "epoch": 9, "loss": 0.05897912294887779, "categorical_accuracy": 0.9808220267295837, "val_loss": 0.17668477005027636, "val_categorical_accuracy": 0.9504145979881287, "_runtime": 1939, "_timestamp": 1621301331, "_step": 10, "best_val_loss": 0.1604043789623281, "best_epoch": 5, "word_level_acc": 0.4959853177334251}