{"n_hidden_layers": 4, "hidden_layer_size": 32, "_runtime": 586, "_timestamp": 1615752821, "_step": 14, "Images": {"_type": "image-file", "path": "media/images/Images_1_763de35b.png", "sha256": "763de35b3e24efb52008f00bf09b6982033f6e5b0d7b79b68e4dbd386ce93cc4", "size": 32478, "format": "png", "width": 1200, "height": 600, "caption": "Sample image of each class"}, "val_acc": 87.01666666666667, "train_acc": 91.15555555555555, "val_loss": 8.218405375466327, "train_loss": 8.267366932379778, "test_acc": 86.17, "confusion_matrix": {"_type": "table-file", "path": "media/table/confusion_matrix_13_0a53f4e9.table.json", "sha256": "0a53f4e9140f3f3bae1ff5b53490d7cce748ca56388506c805aecbe1e7ba6317", "size": 2646, "ncols": 3, "nrows": 100}, "Confusion_Matrix": null}