{"n_hidden_layers": 3, "hidden_layer_size": 128, "_runtime": 803, "_timestamp": 1615807257, "_step": 8, "val_acc": 88.16666666666667, "train_acc": 91.30740740740741, "val_loss": 0.338735133664582, "train_loss": 0.2390396585366641, "epoch": 5, "test_acc": 86.96, "confusion_matrix": {"_type": "table-file", "path": "media/table/confusion_matrix_7_25301743.table.json", "sha256": "2530174313ff143cea9d7f83f4d449777d610654b540d1ac32f98fea24ba0344", "size": 2644, "ncols": 3, "nrows": 100}, "Confusion_Matrix": null}