{"graph": {"_type": "graph-file", "path": "media/graph/graph_summary_c0723024.graph.json", "sha256": "c072302420fd5914dc8453bb41051a310eac2749f3d1f9e17dc04f3202daab0a", "size": 1525}, "epoch": 9, "loss": 0.26248482362863473, "categorical_accuracy": 0.9170725345611572, "val_loss": 0.27603356213738106, "val_categorical_accuracy": 0.9132063984870911, "_runtime": 675, "_timestamp": 1621288387, "_step": 10, "best_val_loss": 0.251624345027353, "best_epoch": 8, "word_level_acc": 0.2541867400779995}