{"n_hidden_layers": 3, "hidden_layer_size": 128, "_runtime": 620, "_timestamp": 1615738262, "_step": 8, "Images": {"_type": "image-file", "path": "media/images/Images_1_763de35b.png", "sha256": "763de35b3e24efb52008f00bf09b6982033f6e5b0d7b79b68e4dbd386ce93cc4", "size": 32478, "format": "png", "width": 1200, "height": 600, "caption": "Sample image of each class"}, "val_acc": 87.78333333333333, "train_acc": 91.90185185185184, "val_loss": 0.36473616842416307, "train_loss": 0.2214773859680785}