{"graph": {"_type": "graph-file", "path": "media/graph/graph_summary_ad9afb13.graph.json", "sha256": "ad9afb1359bfde26fca60a838691627f3afc7565a294cd54e20449548c9e033e", "size": 1214}, "epoch": 4, "loss": 0.5969214767949126, "categorical_accuracy": 0.8221877217292786, "val_loss": 0.5482806935444915, "val_categorical_accuracy": 0.8355892300605774, "_runtime": 250, "_timestamp": 1621284834, "_step": 5, "best_val_loss": 0.5482806935444915, "best_epoch": 4, "word_level_acc": 0.018582243633860976}