{"graph": {"_type": "graph-file", "path": "media/graph/graph_summary_a567b09f.graph.json", "sha256": "a567b09f0f3bae0ebace583addaaa7b3d8f260b5389b102773555dc29b1b374e", "size": 1626}, "epoch": 4, "loss": 0.2849543211821746, "categorical_accuracy": 0.9116432666778564, "val_loss": 0.2817130179464284, "val_categorical_accuracy": 0.9133265614509583, "_runtime": 269, "_timestamp": 1621298828, "_step": 5, "best_val_loss": 0.2817130179464284, "best_epoch": 4, "word_level_acc": 0.23331039229181005}