{"n_hidden_layers": 4, "hidden_layer_size": 32, "_runtime": 744, "_timestamp": 1615802316, "_step": 13, "val_acc": 80.96666666666667, "train_acc": 81.72962962962963, "val_loss": 0.5303927384543917, "train_loss": 0.501740402548594, "epoch": 10, "test_acc": 79.76, "confusion_matrix": {"_type": "table-file", "path": "media/table/confusion_matrix_12_df4839bd.table.json", "sha256": "df4839bd0f2afb2f9b1f0c7b236e95876e6ac6b6af0bfb483d532072b242bea6", "size": 2649, "ncols": 3, "nrows": 100}, "Confusion_Matrix": null}