{"n_hidden_layers": 3, "hidden_layer_size": 64, "_runtime": 423, "_timestamp": 1615791304, "_step": 2, "Images": {"_type": "image-file", "path": "media/images/Images_1_e053e555.png", "sha256": "e053e55547556d7704a4944aca7dac8cca3aad36acf65142146b6c07450de3ec", "size": 23174, "format": "png", "width": 1200, "height": 600, "caption": "Sample image of each class"}, "val_acc": 91.71666666666667, "train_acc": 91.75740740740741, "val_loss": 0.2873322997662559, "train_loss": 0.30729713587750457}