{"graph": {"_type": "graph-file", "path": "media/graph/graph_summary_63239c0f.graph.json", "sha256": "63239c0fb1ba58bd0c35be665ec70da7e698abc9b367a060a78c41375e397262", "size": 1876}, "epoch": 4, "loss": 0.7790480551521725, "categorical_accuracy": 0.7803017497062683, "val_loss": 0.7311025324779028, "val_categorical_accuracy": 0.7924382090568542, "_runtime": 339, "_timestamp": 1621298196, "_step": 5, "best_val_loss": 0.7311025324779028, "best_epoch": 4, "word_level_acc": 0.005276439550355586}