{"graph": {"_type": "graph-file", "path": "media/graph/graph_summary_8e223abc.graph.json", "sha256": "8e223abc8fd3f0ffe522c0500af953593a66654f935859b2890ca9282202c71b", "size": 1877}, "epoch": 9, "loss": 0.20667305992626117, "categorical_accuracy": 0.9344030022621155, "val_loss": 0.22318120928061175, "val_categorical_accuracy": 0.9308491349220276, "_runtime": 516, "_timestamp": 1621303141, "_step": 10, "best_val_loss": 0.22318120928061175, "best_epoch": 9, "word_level_acc": 0.3778389538885065}