{"n_hidden_layers": 5, "hidden_layer_size": 64, "_runtime": 438, "_timestamp": 1615803456, "_step": 8, "val_acc": 87.41666666666667, "train_acc": 89.65925925925926, "val_loss": 8.199759571929881, "train_loss": 8.223342875447685, "epoch": 5, "test_acc": 86.93, "confusion_matrix": {"_type": "table-file", "path": "media/table/confusion_matrix_7_becbc1af.table.json", "sha256": "becbc1af84f149367419c9c85bf96bbe563b010cd6b5c1192d0231941150db82", "size": 2643, "ncols": 3, "nrows": 100}, "Confusion_Matrix": null}