{"n_hidden_layers": 4, "hidden_layer_size": 32, "_runtime": 676, "_timestamp": 1615803005, "_step": 13, "val_acc": 10.133333333333333, "train_acc": 9.985185185185186, "val_loss": 8.999999641858034, "train_loss": 8.999986306970527, "epoch": 10, "test_acc": 10.0, "confusion_matrix": {"_type": "table-file", "path": "media/table/confusion_matrix_12_bd6a9d46.table.json", "sha256": "bd6a9d46f9a50616477b1ba45dee0e670667b42ecd48206797be38dab0456b6a", "size": 2625, "ncols": 3, "nrows": 100}, "Confusion_Matrix": null}