{"n_hidden_layers": 3, "hidden_layer_size": 128, "_runtime": 400, "_timestamp": 1615764072, "_step": 9, "Images": {"_type": "image-file", "path": "media/images/Images_1_763de35b.png", "sha256": "763de35b3e24efb52008f00bf09b6982033f6e5b0d7b79b68e4dbd386ce93cc4", "size": 32478, "format": "png", "width": 1200, "height": 600, "caption": "Sample image of each class"}, "val_acc": 86.8, "train_acc": 87.43333333333334, "val_loss": 0.37998271483714013, "train_loss": 0.35052425139953924, "test_acc": 84.87, "confusion_matrix": {"_type": "table-file", "path": "media/table/confusion_matrix_8_9312fc74.table.json", "sha256": "9312fc741ddc256ce3616b5dbcfc412a226214d328d59f704c706358f919b436", "size": 2646, "ncols": 3, "nrows": 100}, "Confusion_Matrix": null}