{"graph": {"_type": "graph-file", "path": "media/graph/graph_summary_b9dd2a90.graph.json", "sha256": "b9dd2a90e0fd4bad3e520bb9b6a08c79b4c17d362b06a02eb6e59795c1300d6a", "size": 1714}, "epoch": 9, "loss": 0.07692865671486947, "categorical_accuracy": 0.9755565524101257, "val_loss": 0.15518057274726804, "val_categorical_accuracy": 0.9515288472175598, "_runtime": 380, "_timestamp": 1621337727, "_step": 10, "best_val_loss": 0.14868806884714866, "best_epoch": 8, "word_level_acc": 0.3475567790777701}