{"n_hidden_layers": 4, "hidden_layer_size": 32, "_runtime": 462, "_timestamp": 1615763323, "_step": 14, "Images": {"_type": "image-file", "path": "media/images/Images_1_763de35b.png", "sha256": "763de35b3e24efb52008f00bf09b6982033f6e5b0d7b79b68e4dbd386ce93cc4", "size": 32478, "format": "png", "width": 1200, "height": 600, "caption": "Sample image of each class"}, "val_acc": 9.833333333333334, "train_acc": 10.018518518518519, "val_loss": 8.999999999972957, "train_loss": 8.999999999930282, "test_acc": 10.0, "confusion_matrix": {"_type": "table-file", "path": "media/table/confusion_matrix_13_aa0cab97.table.json", "sha256": "aa0cab9724d97fe04af22d595a38fae8f3d76806c0c4f7eaff35b3360b501295", "size": 2625, "ncols": 3, "nrows": 100}, "Confusion_Matrix": null}