{"graph": {"_type": "graph-file", "path": "media/graph/graph_summary_8173c73c.graph.json", "sha256": "8173c73cad491be16cb1c7e1ec377f42cd734ea1cefb01668b6ed0a850ced161", "size": 1896}, "epoch": 9, "loss": 0.5235840043335557, "categorical_accuracy": 0.8469792008399963, "val_loss": 0.49257254201246253, "val_categorical_accuracy": 0.8560285568237305, "_runtime": 910, "_timestamp": 1621282709, "_step": 10, "best_val_loss": 0.49257254201246253, "best_epoch": 9, "word_level_acc": 0.041523285157146136}