{"n_hidden_layers": 4, "hidden_layer_size": 64, "_runtime": 429, "_timestamp": 1615809388, "_step": 8, "val_acc": 87.93333333333334, "train_acc": 90.7074074074074, "val_loss": 0.35070890699782664, "train_loss": 0.25081197422337703, "epoch": 5, "test_acc": 87.05, "confusion_matrix": {"_type": "table-file", "path": "media/table/confusion_matrix_7_fea73637.table.json", "sha256": "fea73637e5111dd80a9be1412644171362e27609465e8c3b930bb7bccae958d8", "size": 2644, "ncols": 3, "nrows": 100}, "Confusion_Matrix": null}