{"n_hidden_layers": 3, "hidden_layer_size": 32, "_runtime": 466, "_timestamp": 1615770591, "_step": 14, "Images": {"_type": "image-file", "path": "media/images/Images_1_763de35b.png", "sha256": "763de35b3e24efb52008f00bf09b6982033f6e5b0d7b79b68e4dbd386ce93cc4", "size": 32478, "format": "png", "width": 1200, "height": 600, "caption": "Sample image of each class"}, "val_acc": 86.28333333333333, "train_acc": 89.65, "val_loss": 0.4026844503852545, "train_loss": 0.2974246711398423, "test_acc": 85.76, "confusion_matrix": {"_type": "table-file", "path": "media/table/confusion_matrix_13_1c35fa28.table.json", "sha256": "1c35fa28be8ccbe13a831bbeabe16779fd0e6b12434381fd326c937bba1df948", "size": 2645, "ncols": 3, "nrows": 100}, "Confusion_Matrix": null}