{"n_hidden_layers": 4, "hidden_layer_size": 64, "_runtime": 799, "_timestamp": 1615813793, "_step": 13, "val_acc": 38.55, "train_acc": 38.425925925925924, "val_loss": 5.402453937135171, "train_loss": 5.406596204291227, "epoch": 10, "test_acc": 38.52, "confusion_matrix": {"_type": "table-file", "path": "media/table/confusion_matrix_12_f690ab92.table.json", "sha256": "f690ab92c9fcfaad0a92eba964e55cf4b074c9ef7e60410cf046f044af6091bc", "size": 2664, "ncols": 3, "nrows": 100}, "Confusion_Matrix": null}