{"n_hidden_layers": 3, "hidden_layer_size": 64, "_runtime": 77, "_timestamp": 1615788597, "_step": 2, "Images": {"_type": "image-file", "path": "media/images/Images_1_763de35b.png", "sha256": "763de35b3e24efb52008f00bf09b6982033f6e5b0d7b79b68e4dbd386ce93cc4", "size": 32478, "format": "png", "width": 1200, "height": 600, "caption": "Sample image of each class"}, "val_acc": 91.71666666666667, "train_acc": 91.75740740740741, "val_loss": 0.2873322997662559, "train_loss": 0.30729713587750457}