{"n_hidden_layers": 5, "hidden_layer_size": 32, "_runtime": 881, "_timestamp": 1615810965, "_step": 13, "val_acc": 85.88333333333334, "train_acc": 89.20555555555555, "val_loss": 0.4138490897767625, "train_loss": 0.3037522801646128, "epoch": 10, "test_acc": 85.07, "confusion_matrix": {"_type": "table-file", "path": "media/table/confusion_matrix_12_9a58176e.table.json", "sha256": "9a58176ec8e29a092ae736301ca4dab5c1883892b3c826eaed11c6cf7390dd87", "size": 2649, "ncols": 3, "nrows": 100}, "Confusion_Matrix": null}