{"graph": {"_type": "graph-file", "path": "media/graph/graph_summary_8173c73c.graph.json", "sha256": "8173c73cad491be16cb1c7e1ec377f42cd734ea1cefb01668b6ed0a850ced161", "size": 1896}, "epoch": 4, "loss": 0.4779611070654185, "categorical_accuracy": 0.8570728302001953, "val_loss": 0.4209931513179631, "val_categorical_accuracy": 0.875965416431427, "_runtime": 531, "_timestamp": 1621301875, "_step": 5, "best_val_loss": 0.35895202858755965, "best_epoch": 0, "word_level_acc": 0.12273457214957559}