{"n_hidden_layers": 4, "hidden_layer_size": 128, "_runtime": 1351, "_timestamp": 1615813194, "_step": 13, "val_acc": 88.06666666666666, "train_acc": 92.83148148148148, "val_loss": 0.39985707781831326, "train_loss": 0.20369378238623959, "epoch": 10, "test_acc": 87.47, "confusion_matrix": {"_type": "table-file", "path": "media/table/confusion_matrix_12_a6a706b2.table.json", "sha256": "a6a706b26eac8f9ea7181707593c343911511e2b9c8e3fb0b28981de8e9a0d65", "size": 2643, "ncols": 3, "nrows": 100}, "Confusion_Matrix": null}