{"n_hidden_layers": 5, "hidden_layer_size": 128, "_runtime": 795, "_timestamp": 1615771665, "_step": 9, "Images": {"_type": "image-file", "path": "media/images/Images_1_763de35b.png", "sha256": "763de35b3e24efb52008f00bf09b6982033f6e5b0d7b79b68e4dbd386ce93cc4", "size": 32478, "format": "png", "width": 1200, "height": 600, "caption": "Sample image of each class"}, "val_acc": 87.23333333333333, "train_acc": 88.77777777777777, "val_loss": 7.945145706008305, "train_loss": 7.979714422642977, "test_acc": 86.0, "confusion_matrix": {"_type": "table-file", "path": "media/table/confusion_matrix_8_81ab86b7.table.json", "sha256": "81ab86b758f489335abe60367814a08b6892fd4e67e62e3e46d210f1c28acba3", "size": 2645, "ncols": 3, "nrows": 100}, "Confusion_Matrix": null}