{"n_hidden_layers": 4, "hidden_layer_size": 64, "_runtime": 590, "_timestamp": 1615762528, "_step": 14, "Images": {"_type": "image-file", "path": "media/images/Images_1_763de35b.png", "sha256": "763de35b3e24efb52008f00bf09b6982033f6e5b0d7b79b68e4dbd386ce93cc4", "size": 32478, "format": "png", "width": 1200, "height": 600, "caption": "Sample image of each class"}, "val_acc": 86.61666666666666, "train_acc": 88.3037037037037, "val_loss": 7.983748826132571, "train_loss": 8.009999809945018, "test_acc": 86.26, "confusion_matrix": {"_type": "table-file", "path": "media/table/confusion_matrix_13_d1d71b05.table.json", "sha256": "d1d71b054b5ef8f6e009ed4121471aa11aa513cf50d0463ac6ad84eaf025677d", "size": 2644, "ncols": 3, "nrows": 100}, "Confusion_Matrix": null}