{"graph": {"_type": "graph-file", "path": "media/graph/graph_summary_c864a565.graph.json", "sha256": "c864a565c83e6765a5aa1ebd4b091d1f2348f34fffe66d70a1e3e3eb36731f95", "size": 1526}, "epoch": 9, "loss": 0.07078003546808953, "categorical_accuracy": 0.9773587584495544, "val_loss": 0.2012721175624023, "val_categorical_accuracy": 0.9427347779273987, "_runtime": 680, "_timestamp": 1621283404, "_step": 10, "best_val_loss": 0.1866016381444338, "best_epoch": 4, "word_level_acc": 0.4283092452397339}