{"n_hidden_layers": 3, "hidden_layer_size": 64, "_runtime": 272, "_timestamp": 1615764916, "_step": 9, "Images": {"_type": "image-file", "path": "media/images/Images_1_763de35b.png", "sha256": "763de35b3e24efb52008f00bf09b6982033f6e5b0d7b79b68e4dbd386ce93cc4", "size": 32478, "format": "png", "width": 1200, "height": 600, "caption": "Sample image of each class"}, "val_acc": 85.55, "train_acc": 88.0925925925926, "val_loss": 0.4001746796896631, "train_loss": 0.3235108985918427, "test_acc": 85.14, "confusion_matrix": {"_type": "table-file", "path": "media/table/confusion_matrix_8_74bd1c46.table.json", "sha256": "74bd1c469f0482d44f97232607ac155cf45aa1a77347217f9d016ce8100f30d4", "size": 2645, "ncols": 3, "nrows": 100}, "Confusion_Matrix": null}