{"graph": {"_type": "graph-file", "path": "media/graph/graph_summary_c0723024.graph.json", "sha256": "c072302420fd5914dc8453bb41051a310eac2749f3d1f9e17dc04f3202daab0a", "size": 1525}, "epoch": 9, "loss": 0.9049720846774716, "categorical_accuracy": 0.7534258961677551, "val_loss": 0.8531249615954106, "val_categorical_accuracy": 0.766776978969574, "_runtime": 680, "_timestamp": 1621307090, "_step": 10, "best_val_loss": 0.2562782770656451, "best_epoch": 4, "word_level_acc": 0.0}