{"n_hidden_layers": 5, "hidden_layer_size": 64, "_runtime": 675, "_timestamp": 1615774878, "_step": 14, "Images": {"_type": "image-file", "path": "media/images/Images_1_763de35b.png", "sha256": "763de35b3e24efb52008f00bf09b6982033f6e5b0d7b79b68e4dbd386ce93cc4", "size": 32478, "format": "png", "width": 1200, "height": 600, "caption": "Sample image of each class"}, "val_acc": 9.833333333333334, "train_acc": 10.018518518518519, "val_loss": 8.99999999999965, "train_loss": 8.999999999999988, "test_acc": 10.0, "confusion_matrix": {"_type": "table-file", "path": "media/table/confusion_matrix_13_8538cf55.table.json", "sha256": "8538cf5521bee828f81bb95585e6593be028765b14f9e61064babfd81afbae64", "size": 2625, "ncols": 3, "nrows": 100}, "Confusion_Matrix": null}