{"Validation accuracy": 10.041666666666666, "Validation loss": 2.361974373920236, "Epoch": 2, "_runtime": 83, "_timestamp": 1615564317, "_step": 1}