{"n_hidden_layers": 5, "hidden_layer_size": 128, "_runtime": 634, "_timestamp": 1615823421, "_step": 8, "val_acc": 88.23333333333333, "train_acc": 91.84444444444445, "val_loss": 8.366492885767638, "train_loss": 8.40447320039106, "epoch": 5, "test_acc": 87.27, "confusion_matrix": {"_type": "table-file", "path": "media/table/confusion_matrix_7_de18c030.table.json", "sha256": "de18c0304fe8486e2876a9f89986208d91167c1ea37cd467f12c4bd62d67048f", "size": 2644, "ncols": 3, "nrows": 100}, "Confusion_Matrix": null}