{"n_hidden_layers": 5, "hidden_layer_size": 128, "_runtime": 857, "_timestamp": 1615811831, "_step": 8, "val_acc": 88.41666666666667, "train_acc": 92.09814814814816, "val_loss": 0.339437390069299, "train_loss": 0.20951417538532682, "epoch": 5, "test_acc": 87.76, "confusion_matrix": {"_type": "table-file", "path": "media/table/confusion_matrix_7_4cee1459.table.json", "sha256": "4cee145994df16f093b1c187365bc42940fa1a1066f4338e8b1601dba2c3b112", "size": 2643, "ncols": 3, "nrows": 100}, "Confusion_Matrix": null}