{"n_hidden_layers": 5, "hidden_layer_size": 64, "_runtime": 759, "_timestamp": 1615768698, "_step": 14, "Images": {"_type": "image-file", "path": "media/images/Images_1_763de35b.png", "sha256": "763de35b3e24efb52008f00bf09b6982033f6e5b0d7b79b68e4dbd386ce93cc4", "size": 32478, "format": "png", "width": 1200, "height": 600, "caption": "Sample image of each class"}, "val_acc": 86.78333333333333, "train_acc": 91.78518518518518, "val_loss": 8.238913232590827, "train_loss": 8.289542005158875, "test_acc": 86.26, "confusion_matrix": {"_type": "table-file", "path": "media/table/confusion_matrix_13_089d938d.table.json", "sha256": "089d938dee9d6b2e0ce05771fa8f6b2c84ebb12eed6c068e56e7d78275d3be6f", "size": 2644, "ncols": 3, "nrows": 100}, "Confusion_Matrix": null}