{"n_hidden_layers": 5, "hidden_layer_size": 128, "_runtime": 611, "_timestamp": 1615759341, "_step": 9, "Images": {"_type": "image-file", "path": "media/images/Images_1_763de35b.png", "sha256": "763de35b3e24efb52008f00bf09b6982033f6e5b0d7b79b68e4dbd386ce93cc4", "size": 32478, "format": "png", "width": 1200, "height": 600, "caption": "Sample image of each class"}, "val_acc": 63.86666666666667, "train_acc": 63.95740740740741, "val_loss": 0.9229133841234258, "train_loss": 0.9162521764460286, "test_acc": 63.26, "confusion_matrix": {"_type": "table-file", "path": "media/table/confusion_matrix_8_bba8f276.table.json", "sha256": "bba8f27698b007375dc71c15942cbb913c34b5a2dd51a0d91c053d7c5fa5fd21", "size": 2654, "ncols": 3, "nrows": 100}, "Confusion_Matrix": null}