{"n_hidden_layers": 3, "hidden_layer_size": 64, "_runtime": 1206, "_timestamp": 1615816594, "_step": 13, "val_acc": 68.08333333333333, "train_acc": 68.55, "val_loss": 5.212300231144419, "train_loss": 5.216894151048018, "epoch": 10, "test_acc": 68.9, "confusion_matrix": {"_type": "table-file", "path": "media/table/confusion_matrix_12_8a32aa06.table.json", "sha256": "8a32aa062e98683456abe326da7175d1c7f98afd87feb521226e32423e3bfcfd", "size": 2662, "ncols": 3, "nrows": 100}, "Confusion_Matrix": null}