{"graph": {"_type": "graph-file", "path": "media/graph/graph_summary_c864a565.graph.json", "sha256": "c864a565c83e6765a5aa1ebd4b091d1f2348f34fffe66d70a1e3e3eb36731f95", "size": 1526}, "epoch": 9, "loss": 0.07369996003453487, "categorical_accuracy": 0.9763665795326233, "val_loss": 0.20507264599446776, "val_categorical_accuracy": 0.942581832408905, "_runtime": 686, "_timestamp": 1621281407, "_step": 10, "best_val_loss": 0.19404100041292108, "best_epoch": 4, "word_level_acc": 0.4221151640284469}