{"n_hidden_layers": 5, "hidden_layer_size": 64, "_runtime": 500, "_timestamp": 1615804095, "_step": 6, "val_acc": 20.9, "train_acc": 19.92962962962963, "val_loss": 4.808299218935263, "train_loss": 4.811768769052245, "epoch": 5, "test_acc": 20.02}