{"graph": {"_type": "graph-file", "path": "media/graph/graph_summary_29432f30.graph.json", "sha256": "29432f30d74367b8074a3dd8379d171d22d6b572ee5fe7c3734815a3ffa44eeb", "size": 2154}, "epoch": 9, "loss": 0.06443113162970329, "categorical_accuracy": 0.9795907735824585, "val_loss": 0.17806011665698776, "val_categorical_accuracy": 0.9488524198532104, "_runtime": 464, "_timestamp": 1621339259, "_step": 10, "best_val_loss": 0.17090351735678636, "best_epoch": 7, "word_level_acc": 0.3376921312227575}