{"n_hidden_layers": 4, "hidden_layer_size": 64, "_runtime": 531, "_timestamp": 1615767527, "_step": 14, "Images": {"_type": "image-file", "path": "media/images/Images_1_763de35b.png", "sha256": "763de35b3e24efb52008f00bf09b6982033f6e5b0d7b79b68e4dbd386ce93cc4", "size": 32478, "format": "png", "width": 1200, "height": 600, "caption": "Sample image of each class"}, "val_acc": 87.16666666666667, "train_acc": 91.07407407407408, "val_loss": 0.3706015756180016, "train_loss": 0.24215050683267383, "test_acc": 86.73, "confusion_matrix": {"_type": "table-file", "path": "media/table/confusion_matrix_13_c44c9196.table.json", "sha256": "c44c91963b9e0ced4c04e4f93a1d51e5c2280510546a57fa5298ff88c521ff56", "size": 2640, "ncols": 3, "nrows": 100}, "Confusion_Matrix": null}