{"graph": {"_type": "graph-file", "path": "media/graph/graph_summary_715afdbb.graph.json", "sha256": "715afdbb72c36d33cb91d3a58b130eb947b03cef56af507b30ab79deac136cf1", "size": 2075}, "epoch": 4, "loss": 0.2699557059427527, "categorical_accuracy": 0.9163722991943359, "val_loss": 0.3018124006256157, "val_categorical_accuracy": 0.9103114604949951, "_runtime": 734, "_timestamp": 1621286550, "_step": 5, "best_val_loss": 0.3018124006256157, "best_epoch": 4, "word_level_acc": 0.2539573296627667}