{"Images": {"_type": "image-file", "path": "media/images/Images_0_763de35b.png", "sha256": "763de35b3e24efb52008f00bf09b6982033f6e5b0d7b79b68e4dbd386ce93cc4", "size": 32478, "format": "png", "width": 1200, "height": 600, "caption": "Sample image of each class"}, "_runtime": 612, "_timestamp": 1615724575, "_step": 10, "val_acc": 50.016666666666666, "train_acc": 50.30555555555556, "val_loss": 1.417351110855874, "train_loss": 1.4173431251797832}