{"Images": {"_type": "image-file", "path": "media/images/Images_0_763de35b.png", "sha256": "763de35b3e24efb52008f00bf09b6982033f6e5b0d7b79b68e4dbd386ce93cc4", "size": 32478, "format": "png", "width": 1200, "height": 600, "caption": "Sample image of each class"}, "_runtime": 302, "_timestamp": 1615723353, "_step": 5, "val_acc": 50.18333333333333, "train_acc": 49.67037037037037, "val_loss": 1.346812191538975, "train_loss": 1.347457365574766}