{"n_hidden_layers": 5, "hidden_layer_size": 32, "_runtime": 321, "_timestamp": 1615764401, "_step": 9, "Images": {"_type": "image-file", "path": "media/images/Images_1_763de35b.png", "sha256": "763de35b3e24efb52008f00bf09b6982033f6e5b0d7b79b68e4dbd386ce93cc4", "size": 32478, "format": "png", "width": 1200, "height": 600, "caption": "Sample image of each class"}, "val_acc": 74.25, "train_acc": 75.45, "val_loss": 6.067352857337532, "train_loss": 6.073563791376241, "test_acc": 74.11, "confusion_matrix": {"_type": "table-file", "path": "media/table/confusion_matrix_8_410c1a3f.table.json", "sha256": "410c1a3fcb026665b9f140b7aad88da42a69740b9a39030218a61aedd21c31ff", "size": 2656, "ncols": 3, "nrows": 100}, "Confusion_Matrix": null}