{"graph": {"_type": "graph-file", "path": "media/graph/graph_summary_f374daba.graph.json", "sha256": "f374daba3333bb9935a56dee184dcdf8d9d531aff0fe573aae24c350b466f9a2", "size": 1657}, "epoch": 9, "loss": 0.09546258867464512, "categorical_accuracy": 0.9691900610923767, "val_loss": 0.1505588719018366, "val_categorical_accuracy": 0.9539649486541748, "_runtime": 571, "_timestamp": 1621340518, "_step": 10, "best_val_loss": 0.14751278160361692, "best_epoch": 8, "word_level_acc": 0.36636843312686396}