{"graph": {"_type": "graph-file", "path": "media/graph/graph_summary_944ad278.graph.json", "sha256": "944ad278d8f03e3d573449781aed40a95ddc0182460bbbed4391e3c5951212f4", "size": 1537}, "epoch": 4, "loss": 0.5401651978034291, "categorical_accuracy": 0.841124415397644, "val_loss": 0.5043792957202862, "val_categorical_accuracy": 0.8504571914672852, "_runtime": 178, "_timestamp": 1621299022, "_step": 5, "best_val_loss": 0.5043792957202862, "best_epoch": 4, "word_level_acc": 0.01904106446432668}