{"graph": {"_type": "graph-file", "path": "media/graph/graph_summary_9d165280.graph.json", "sha256": "9d16528014c87c9f8d6c97ceafc2b1bf2920576839971081fe09f715fc647aea", "size": 1160}, "epoch": 9, "loss": 0.6842195239451093, "categorical_accuracy": 0.8082537651062012, "val_loss": 0.6606666771581781, "val_categorical_accuracy": 0.8144506812095642, "_runtime": 207, "_timestamp": 1621278752, "_step": 10, "best_val_loss": 0.6592744405211098, "best_epoch": 8, "word_level_acc": 0.0011470520761642578}