{"n_hidden_layers": 5, "hidden_layer_size": 32, "_runtime": 840, "_timestamp": 1615806447, "_step": 13, "val_acc": 85.68333333333334, "train_acc": 89.28148148148148, "val_loss": 8.219150749816858, "train_loss": 8.263286058104612, "epoch": 10, "test_acc": 85.12, "confusion_matrix": {"_type": "table-file", "path": "media/table/confusion_matrix_12_d7178db3.table.json", "sha256": "d7178db3b88c1d12599a29c7e4bee052a59b9f2e174ac7e4d0f8970c4fff92cb", "size": 2646, "ncols": 3, "nrows": 100}, "Confusion_Matrix": null}