{"n_hidden_layers": 3, "hidden_layer_size": 128, "_runtime": 592, "_timestamp": 1615810951, "_step": 8, "val_acc": 83.06666666666666, "train_acc": 83.98703703703704, "val_loss": 7.8450259118537575, "train_loss": 7.857571303657261, "epoch": 5, "test_acc": 81.95, "confusion_matrix": {"_type": "table-file", "path": "media/table/confusion_matrix_7_5d503f57.table.json", "sha256": "5d503f57cb9afc9df38df80f440527c7753065b15cfadf88c9f3ededc1c5da3b", "size": 2643, "ncols": 3, "nrows": 100}, "Confusion_Matrix": null}