{"graph": {"_type": "graph-file", "path": "media/graph/graph_summary_85c7062c.graph.json", "sha256": "85c7062c5039dd3d94c1e24e8f2b44dcba4399a67fec10a7090d07bcbf9e5bc2", "size": 1882}, "epoch": 9, "loss": 0.16888663221869907, "categorical_accuracy": 0.9459251165390015, "val_loss": 0.21538435640576292, "val_categorical_accuracy": 0.9347382187843323, "_runtime": 581, "_timestamp": 1621303732, "_step": 10, "best_val_loss": 0.21454210957821204, "best_epoch": 8, "word_level_acc": 0.38403303509979353}