{"graph": {"_type": "graph-file", "path": "media/graph/graph_summary_263f420b.graph.json", "sha256": "263f420baa12d6e78506cd52aa348e88b9268ec40832faa73103827295b952d2", "size": 1876}, "epoch": 9, "loss": 0.2537954207924801, "categorical_accuracy": 0.9197171330451965, "val_loss": 0.2393195711761665, "val_categorical_accuracy": 0.9259878396987915, "_runtime": 530, "_timestamp": 1621306396, "_step": 10, "best_val_loss": 0.2393195711761665, "best_epoch": 9, "word_level_acc": 0.3548979123652214}