{"Validation accuracy": 57.447916666666664, "Validation loss": 1.1927802649052026, "Epoch": 2, "_runtime": 161, "_timestamp": 1615572704, "_step": 1}