{"n_hidden_layers": 5, "hidden_layer_size": 128, "_runtime": 1325, "_timestamp": 1615751170, "_step": 10, "Images": {"_type": "image-file", "path": "media/images/Images_1_763de35b.png", "sha256": "763de35b3e24efb52008f00bf09b6982033f6e5b0d7b79b68e4dbd386ce93cc4", "size": 32478, "format": "png", "width": 1200, "height": 600, "caption": "Sample image of each class"}, "val_acc": 86.21666666666667, "train_acc": 89.5425925925926, "val_loss": 8.006185557865418, "train_loss": 8.044279426651455}