{"n_hidden_layers": 5, "hidden_layer_size": 128, "_runtime": 1476, "_timestamp": 1615751321, "_step": 14, "Images": {"_type": "image-file", "path": "media/images/Images_1_763de35b.png", "sha256": "763de35b3e24efb52008f00bf09b6982033f6e5b0d7b79b68e4dbd386ce93cc4", "size": 32478, "format": "png", "width": 1200, "height": 600, "caption": "Sample image of each class"}, "val_acc": 86.08333333333333, "train_acc": 89.9037037037037, "val_loss": 8.03456550009765, "train_loss": 8.074164303022291, "test_acc": 85.38, "confusion_matrix": {"_type": "table-file", "path": "media/table/confusion_matrix_13_cd10b389.table.json", "sha256": "cd10b38966c66a926cc5443ba2fed1d3e9bcfba95f8c4722eb90327a41a4829d", "size": 2649, "ncols": 3, "nrows": 100}, "Confusion_Matrix": null}