{"graph": {"_type": "graph-file", "path": "media/graph/graph_summary_57bb5110.graph.json", "sha256": "57bb5110e8342b71fc56308542304f7458c4196ed64b08fa1d298e696f22b7f3", "size": 1537}, "epoch": 4, "loss": 0.4775230145463845, "categorical_accuracy": 0.8618956208229065, "val_loss": 0.45452086735849234, "val_categorical_accuracy": 0.8686243295669556, "_runtime": 194, "_timestamp": 1621288596, "_step": 5, "best_val_loss": 0.45452086735849234, "best_epoch": 4, "word_level_acc": 0.09084652443220922}