{"graph": {"_type": "graph-file", "path": "media/graph/graph_summary_f374daba.graph.json", "sha256": "f374daba3333bb9935a56dee184dcdf8d9d531aff0fe573aae24c350b466f9a2", "size": 1657}, "epoch": 4, "loss": 0.15693732903777927, "categorical_accuracy": 0.9508480429649353, "val_loss": 0.16718332942410274, "val_categorical_accuracy": 0.947377622127533, "_runtime": 175, "_timestamp": 1621340710, "_step": 4, "best_val_loss": 0.16718332942410274, "best_epoch": 4}