{"n_hidden_layers": 3, "hidden_layer_size": 64, "_runtime": 308, "_timestamp": 1615783413, "_step": 9, "Images": {"_type": "image-file", "path": "media/images/Images_1_763de35b.png", "sha256": "763de35b3e24efb52008f00bf09b6982033f6e5b0d7b79b68e4dbd386ce93cc4", "size": 32478, "format": "png", "width": 1200, "height": 600, "caption": "Sample image of each class"}, "val_acc": 85.25, "train_acc": 86.47592592592592, "val_loss": 7.896374065578027, "train_loss": 7.9213722427562665, "test_acc": 84.62, "confusion_matrix": {"_type": "table-file", "path": "media/table/confusion_matrix_8_710df6a5.table.json", "sha256": "710df6a5f1a978c38f1a30390c663c3fb4078ed38ffdb2bb822d4d18213213af", "size": 2651, "ncols": 3, "nrows": 100}, "Confusion_Matrix": null}