{"n_hidden_layers": 5, "hidden_layer_size": 32, "_runtime": 439, "_timestamp": 1615804627, "_step": 6, "val_acc": 86.13333333333334, "train_acc": 89.16851851851852, "val_loss": 0.37485444477573415, "train_loss": 0.3095247903627087, "epoch": 5, "test_acc": 85.92}