{"graph": {"_type": "graph-file", "path": "media/graph/graph_summary_cebe8bd7.graph.json", "sha256": "cebe8bd7d176ac2be98c25f064ef83b231ec1a62c000a2f9a1aa111f8ca7e232", "size": 1931}, "epoch": 9, "loss": 0.2632166894383458, "categorical_accuracy": 0.9178211688995361, "val_loss": 0.2570491584377241, "val_categorical_accuracy": 0.9205693602561951, "_runtime": 546, "_timestamp": 1621291988, "_step": 10, "best_val_loss": 0.2570491584377241, "best_epoch": 9, "word_level_acc": 0.2865336086258316}