{"Validation accuracy": 13.53125, "Validation loss": 2.4032687355018876, "Epoch": 5, "_runtime": 408, "_timestamp": 1615566420, "_step": 4}