{"graph": {"_type": "graph-file", "path": "media/graph/graph_summary_5df20b41.graph.json", "sha256": "5df20b415371aa583aa104f949611679c8233c0b78a722a778ed0213de23f81e", "size": 1150}, "epoch": 4, "loss": 0.7022179143122184, "categorical_accuracy": 0.7932091355323792, "val_loss": 0.666452923890893, "val_categorical_accuracy": 0.8023356199264526, "_runtime": 268, "_timestamp": 1621297845, "_step": 5, "best_val_loss": 0.666452923890893, "best_epoch": 4, "word_level_acc": 0.0022941041523285156}