{"n_hidden_layers": 3, "hidden_layer_size": 128, "_runtime": 621, "_timestamp": 1615815650, "_step": 8, "val_acc": 96.18333333333334, "train_acc": 98.87592592592593, "val_loss": 0.12700041036616577, "train_loss": 0.04591535315586786, "epoch": 5, "test_acc": 95.93, "confusion_matrix": {"_type": "table-file", "path": "media/table/confusion_matrix_7_18692786.table.json", "sha256": "18692786f678d11dafda97d60fa4d97fb7890e637273afc2af136d7408d0f6c7", "size": 2629, "ncols": 3, "nrows": 100}, "Confusion_Matrix": null}