{"n_hidden_layers": 4, "hidden_layer_size": 64, "_runtime": 571, "_timestamp": 1615758104, "_step": 14, "Images": {"_type": "image-file", "path": "media/images/Images_1_763de35b.png", "sha256": "763de35b3e24efb52008f00bf09b6982033f6e5b0d7b79b68e4dbd386ce93cc4", "size": 32478, "format": "png", "width": 1200, "height": 600, "caption": "Sample image of each class"}, "val_acc": 86.5, "train_acc": 90.83518518518518, "val_loss": 0.4111356765613076, "train_loss": 0.2482162945592777, "test_acc": 85.87, "confusion_matrix": {"_type": "table-file", "path": "media/table/confusion_matrix_13_274200f7.table.json", "sha256": "274200f7d7fdd9aa31e12ca89d1016d0022c3f7711ca909c36359e95d86ae26b", "size": 2647, "ncols": 3, "nrows": 100}, "Confusion_Matrix": null}