{"n_hidden_layers": 3, "hidden_layer_size": 64, "_runtime": 289, "_timestamp": 1615787475, "_step": 9, "Images": {"_type": "image-file", "path": "media/images/Images_1_763de35b.png", "sha256": "763de35b3e24efb52008f00bf09b6982033f6e5b0d7b79b68e4dbd386ce93cc4", "size": 32478, "format": "png", "width": 1200, "height": 600, "caption": "Sample image of each class"}, "val_acc": 95.85, "train_acc": 97.46666666666667, "val_loss": 8.82727421530266, "train_loss": 8.85583905986501, "test_acc": 95.85, "confusion_matrix": {"_type": "table-file", "path": "media/table/confusion_matrix_8_5165ad9f.table.json", "sha256": "5165ad9f20f84b42b35aabe1910a32a874d3e90e1c1fdac25856356bcb3096e2", "size": 2628, "ncols": 3, "nrows": 100}, "Confusion_Matrix": null}