{"graph": {"_type": "graph-file", "path": "media/graph/graph_summary_b1d47bf6.graph.json", "sha256": "b1d47bf6a3f570ed0852fd4c7e852ea6cb9b368d9a260a54cb4e6eb8671f3be7", "size": 1516}, "epoch": 4, "loss": 0.18562333963026814, "categorical_accuracy": 0.9403278231620789, "val_loss": 0.21736491836451916, "val_categorical_accuracy": 0.932072639465332, "_runtime": 273, "_timestamp": 1621302163, "_step": 5, "best_val_loss": 0.21736491836451916, "best_epoch": 4, "word_level_acc": 0.3420509291121817}