{"graph": {"_type": "graph-file", "path": "media/graph/graph_summary_8173c73c.graph.json", "sha256": "8173c73cad491be16cb1c7e1ec377f42cd734ea1cefb01668b6ed0a850ced161", "size": 1896}, "epoch": 4, "loss": 0.5320550944993647, "categorical_accuracy": 0.8397315740585327, "val_loss": 0.4930896639386348, "val_categorical_accuracy": 0.8519428968429565, "_runtime": 704, "_timestamp": 1621305852, "_step": 5, "best_val_loss": 0.4930896639386348, "best_epoch": 4, "word_level_acc": 0.07570543702684102}