{"graph": {"_type": "graph-file", "path": "media/graph/graph_summary_24091607.graph.json", "sha256": "2409160767d1d8265f848d6e394953a1c78e7bf9c475f7c8deb8e22349d5d981", "size": 1512}, "epoch": 4, "loss": 0.33034251777312157, "categorical_accuracy": 0.898402988910675, "val_loss": 0.3212437564953666, "val_categorical_accuracy": 0.9008073210716248, "_runtime": 364, "_timestamp": 1621292365, "_step": 5, "best_val_loss": 0.3212437564953666, "best_epoch": 4, "word_level_acc": 0.19339298004129388}