{"n_hidden_layers": 3, "hidden_layer_size": 32, "_runtime": 553, "_timestamp": 1615817157, "_step": 8, "val_acc": 23.516666666666666, "train_acc": 23.87037037037037, "val_loss": 4.5066274489055385, "train_loss": 4.50661735423224, "epoch": 5, "test_acc": 24.11, "confusion_matrix": {"_type": "table-file", "path": "media/table/confusion_matrix_7_9b372e5b.table.json", "sha256": "9b372e5b20c599418bce5bd2ec96514297e7f5b68dcb815df8cbc89041e94fb9", "size": 2638, "ncols": 3, "nrows": 100}, "Confusion_Matrix": null}