{"Validation accuracy": 10.791666666666666, "Validation loss": 2.757143370742323, "_runtime": 228, "_timestamp": 1615564181, "_step": 2}