{"n_hidden_layers": 5, "hidden_layer_size": 128, "_runtime": 739, "_timestamp": 1615815446, "_step": 8, "val_acc": 97.4, "train_acc": 99.45925925925926, "val_loss": 0.10718567272964202, "train_loss": 0.01642659853761446, "epoch": 5, "test_acc": 97.02, "confusion_matrix": {"_type": "table-file", "path": "media/table/confusion_matrix_7_5acb88a5.table.json", "sha256": "5acb88a52d939c57802ae5a53eeb88a4e74c38bc3076a7b855dc580d7d5f259f", "size": 2624, "ncols": 3, "nrows": 100}, "Confusion_Matrix": null}