{"n_hidden_layers": 3, "hidden_layer_size": 64, "_runtime": 675, "_timestamp": 1615810075, "_step": 13, "val_acc": 88.33333333333333, "train_acc": 91.14814814814815, "val_loss": 0.32678001687905794, "train_loss": 0.24145221043309972, "epoch": 10, "test_acc": 87.44, "confusion_matrix": {"_type": "table-file", "path": "media/table/confusion_matrix_12_79687a62.table.json", "sha256": "79687a62bbb50795106abead74d4009e44ebce6d136983e90ea4a38e612d80fa", "size": 2643, "ncols": 3, "nrows": 100}, "Confusion_Matrix": null}