{"n_hidden_layers": 3, "hidden_layer_size": 64, "_runtime": 508, "_timestamp": 1615760325, "_step": 14, "Images": {"_type": "image-file", "path": "media/images/Images_1_763de35b.png", "sha256": "763de35b3e24efb52008f00bf09b6982033f6e5b0d7b79b68e4dbd386ce93cc4", "size": 32478, "format": "png", "width": 1200, "height": 600, "caption": "Sample image of each class"}, "val_acc": 61.21666666666667, "train_acc": 61.303703703703704, "val_loss": 6.412378000731021, "train_loss": 6.433328638553586, "test_acc": 61.02, "confusion_matrix": {"_type": "table-file", "path": "media/table/confusion_matrix_13_86568938.table.json", "sha256": "865689389928ef0cfd65b9d2f6fd4986d1f2fe4f2cd65c3ed96194ba71556074", "size": 2654, "ncols": 3, "nrows": 100}, "Confusion_Matrix": null}