{"graph": {"_type": "graph-file", "path": "media/graph/graph_summary_65b7555a.graph.json", "sha256": "65b7555a0f50219270e1f4a14603eabc235dcb8a271f505a404198359c4c2db3", "size": 1217}, "epoch": 9, "loss": 0.22250100048523308, "categorical_accuracy": 0.9294628500938416, "val_loss": 0.2564004728466744, "val_categorical_accuracy": 0.923464298248291, "_runtime": 1132, "_timestamp": 1621287697, "_step": 10, "best_val_loss": 0.2564004728466744, "best_epoch": 9, "word_level_acc": 0.31222757513191096}