{"n_hidden_layers": 5, "hidden_layer_size": 64, "_runtime": 684, "_timestamp": 1615749579, "_step": 14, "Images": {"_type": "image-file", "path": "media/images/Images_1_763de35b.png", "sha256": "763de35b3e24efb52008f00bf09b6982033f6e5b0d7b79b68e4dbd386ce93cc4", "size": 32478, "format": "png", "width": 1200, "height": 600, "caption": "Sample image of each class"}, "val_acc": 19.933333333333334, "train_acc": 19.9, "val_loss": 1.6922856717633126, "train_loss": 1.684789722606408, "test_acc": 19.9, "confusion_matrix": {"_type": "table-file", "path": "media/table/confusion_matrix_13_85722998.table.json", "sha256": "8572299887a8aae2730fd39dacec60805a9827ab5472206d3ab52706f06828df", "size": 2629, "ncols": 3, "nrows": 100}, "Confusion_Matrix": null}