{"Validation accuracy": 10.041666666666666, "Validation loss": 2.606818381181999, "Epoch": 5, "_runtime": 228, "_timestamp": 1615564914, "_step": 4}