{"n_hidden_layers": 3, "hidden_layer_size": 32, "_runtime": 414, "_timestamp": 1615774188, "_step": 14, "Images": {"_type": "image-file", "path": "media/images/Images_1_763de35b.png", "sha256": "763de35b3e24efb52008f00bf09b6982033f6e5b0d7b79b68e4dbd386ce93cc4", "size": 32478, "format": "png", "width": 1200, "height": 600, "caption": "Sample image of each class"}, "val_acc": 87.33333333333333, "train_acc": 90.06851851851852, "val_loss": 0.35284467581214024, "train_loss": 0.27008858485546705, "test_acc": 86.59, "confusion_matrix": {"_type": "table-file", "path": "media/table/confusion_matrix_13_9247d58b.table.json", "sha256": "9247d58b931cb3998c11b3b5e4c92ec6da67deefc0ea6624245a3ac0d4aa2688", "size": 2642, "ncols": 3, "nrows": 100}, "Confusion_Matrix": null}