{"graph": {"_type": "graph-file", "path": "media/graph/graph_summary_a6b4d36d.graph.json", "sha256": "a6b4d36d45e99093461e049ecf946ee017c47837a366effe6cfef4c2d3f472f0", "size": 1912}, "epoch": 9, "loss": 0.8065259705920953, "categorical_accuracy": 0.7731230854988098, "val_loss": 0.7999886310710412, "val_categorical_accuracy": 0.7747299075126648, "_runtime": 363, "_timestamp": 1621281787, "_step": 10, "best_val_loss": 0.7967524414052655, "best_epoch": 7, "word_level_acc": 0.0}