{"n_hidden_layers": 4, "hidden_layer_size": 128, "_runtime": 1056, "_timestamp": 1615769765, "_step": 14, "Images": {"_type": "image-file", "path": "media/images/Images_1_763de35b.png", "sha256": "763de35b3e24efb52008f00bf09b6982033f6e5b0d7b79b68e4dbd386ce93cc4", "size": 32478, "format": "png", "width": 1200, "height": 600, "caption": "Sample image of each class"}, "val_acc": 87.2, "train_acc": 89.8962962962963, "val_loss": 8.171305377476713, "train_loss": 8.205747743631457, "test_acc": 86.01, "confusion_matrix": {"_type": "table-file", "path": "media/table/confusion_matrix_13_f67ace12.table.json", "sha256": "f67ace1200a88d5ed1760c5739a57a355eb98bf137cbe0f86791e1988dbd16bb", "size": 2645, "ncols": 3, "nrows": 100}, "Confusion_Matrix": null}