{"graph": {"_type": "graph-file", "path": "media/graph/graph_summary_55c63657.graph.json", "sha256": "55c63657c48f695e6ebe1d1199960674c510140ef09809296a439d2296434b70", "size": 2078}, "epoch": 9, "loss": 0.07030219483744328, "categorical_accuracy": 0.9781623482704163, "val_loss": 0.1863814109398373, "val_categorical_accuracy": 0.9449196457862854, "_runtime": 2009, "_timestamp": 1621296660, "_step": 10, "best_val_loss": 0.18081432767426045, "best_epoch": 7, "word_level_acc": 0.4390915347556779}