{"n_hidden_layers": 5, "hidden_layer_size": 128, "_runtime": 1410, "_timestamp": 1615755740, "_step": 14, "Images": {"_type": "image-file", "path": "media/images/Images_1_763de35b.png", "sha256": "763de35b3e24efb52008f00bf09b6982033f6e5b0d7b79b68e4dbd386ce93cc4", "size": 32478, "format": "png", "width": 1200, "height": 600, "caption": "Sample image of each class"}, "val_acc": 87.5, "train_acc": 94.17592592592592, "val_loss": 8.522193746017338, "train_loss": 8.595208326204219, "test_acc": 86.87, "confusion_matrix": {"_type": "table-file", "path": "media/table/confusion_matrix_13_73231da2.table.json", "sha256": "73231da25988b48e6b057ddcc7e3e32d05158c014ab2526300f0c5929a36e20d", "size": 2645, "ncols": 3, "nrows": 100}, "Confusion_Matrix": null}