{"n_hidden_layers": 5, "hidden_layer_size": 128, "_runtime": 1070, "_timestamp": 1615772747, "_step": 14, "Images": {"_type": "image-file", "path": "media/images/Images_1_763de35b.png", "sha256": "763de35b3e24efb52008f00bf09b6982033f6e5b0d7b79b68e4dbd386ce93cc4", "size": 32478, "format": "png", "width": 1200, "height": 600, "caption": "Sample image of each class"}, "val_acc": 80.46666666666667, "train_acc": 82.36851851851851, "val_loss": 0.5560640773734968, "train_loss": 0.5193508013227437, "test_acc": 80.06, "confusion_matrix": {"_type": "table-file", "path": "media/table/confusion_matrix_13_f9128a31.table.json", "sha256": "f9128a31fd0cee9b48d5a7630312735e20b0c0f7dab2fe585f7f5fcfeffc0fc3", "size": 2650, "ncols": 3, "nrows": 100}, "Confusion_Matrix": null}