{"n_hidden_layers": 3, "hidden_layer_size": 32, "_runtime": 388, "_timestamp": 1615767927, "_step": 14, "Images": {"_type": "image-file", "path": "media/images/Images_1_763de35b.png", "sha256": "763de35b3e24efb52008f00bf09b6982033f6e5b0d7b79b68e4dbd386ce93cc4", "size": 32478, "format": "png", "width": 1200, "height": 600, "caption": "Sample image of each class"}, "val_acc": 87.28333333333333, "train_acc": 89.72222222222223, "val_loss": 0.3613015676886333, "train_loss": 0.27862998640029085, "test_acc": 86.15, "confusion_matrix": {"_type": "table-file", "path": "media/table/confusion_matrix_13_fab6e964.table.json", "sha256": "fab6e964af4730d0a3507f5159bd4f66b0c940e33dab1e330c8e090b8d032f95", "size": 2643, "ncols": 3, "nrows": 100}, "Confusion_Matrix": null}