{"n_hidden_layers": 3, "hidden_layer_size": 32, "_runtime": 553, "_timestamp": 1615811513, "_step": 13, "val_acc": 87.95, "train_acc": 89.88703703703703, "val_loss": 0.34582317691674497, "train_loss": 0.2762570669364674, "epoch": 10, "test_acc": 86.8, "confusion_matrix": {"_type": "table-file", "path": "media/table/confusion_matrix_12_fb72c896.table.json", "sha256": "fb72c89632f1cb1d043ef2e17098700bbd739ff0811f4fbf0b8194819be62d77", "size": 2644, "ncols": 3, "nrows": 100}, "Confusion_Matrix": null}