{"n_hidden_layers": 5, "hidden_layer_size": 128, "_runtime": 1223, "_timestamp": 1615754318, "_step": 14, "Images": {"_type": "image-file", "path": "media/images/Images_1_763de35b.png", "sha256": "763de35b3e24efb52008f00bf09b6982033f6e5b0d7b79b68e4dbd386ce93cc4", "size": 32478, "format": "png", "width": 1200, "height": 600, "caption": "Sample image of each class"}, "val_acc": 87.11666666666666, "train_acc": 92.27222222222223, "val_loss": 8.198247685235032, "train_loss": 8.260479531896122, "test_acc": 86.07, "confusion_matrix": {"_type": "table-file", "path": "media/table/confusion_matrix_13_2d16eb15.table.json", "sha256": "2d16eb15ca6730055629510da6954da213bfdb09e71d412af39b168b5add929b", "size": 2647, "ncols": 3, "nrows": 100}, "Confusion_Matrix": null}